H, 131, Period, DD, 1017, KeyK, UD, 886, KeyK, H, 100, KeyK, DD, 160, Digit3, UD, 60, Digit3, H, 139, Digit3, DD, 309, KeyM, UD, 170, KeyM, H, 158, KeyM, DD, 727, KeyO, UD, 569, KeyO, H, 93, KeyO, DD, 156, KeyO, UD, 63, KeyO, H, 95, KeyO, DD, 923, KeyS, UD, 828, KeyS, H, 117, KeyS, DD, 301, KeyA, UD, 184, KeyA, H, 167, KeyA, DD, 1036, KeyB, UD, 869, KeyB, DD, 94, KeyZ, UD, 963, KeyZ, H, 70, KeyB, H, 146, KeyZ, DD, 1076, Enter, UD, 930, Enter
H, 85, Enter, DD, 1199, Period, UD, 1114, Period, H, 123, Period, DD, 1522, KeyK, UD, 1399, KeyK, H, 120, KeyK, DD, 168, Digit3, UD, 48, Digit3, H, 125, Digit3, DD, 901, KeyM, UD, 776, KeyM, H, 102, KeyM, DD, 299, KeyO, UD, 197, KeyO, H, 63, KeyO, DD, 130, KeyO, UD, 67, KeyO, H, 118, KeyO, DD, 989, KeyS, UD, 871, KeyS, DD, 61, KeyA, UD, 932, KeyA, H, 76, KeyS, H, 162, KeyA, DD, 271, KeyB, UD, 109, KeyB, H, 157, KeyB, DD, 381, KeyZ, UD, 224, KeyZ, H, 126, KeyZ, DD, 978, Enter, UD, 852, Enter
H, 100, Enter, DD, 1093, Period, UD, 993, Period, H, 108, Period, DD, 597, KeyK, UD, 489, KeyK, H, 107, KeyK, DD, 363, Digit3, UD, 256, Digit3, H, 88, Digit3, DD, 156, KeyM, UD, 68, KeyM, H, 124, KeyM, DD, 504, KeyO, UD, 380, KeyO, H, 112, KeyO, DD, 158, KeyO, UD, 46, KeyO, H, 86, KeyO, DD, 4307, KeyS, UD, 4221, KeyS, H, 99, KeyS, DD, 1273, KeyA, UD, 1174, KeyA, DD, 123, KeyB, UD, 1297, KeyB, H, 39, KeyA, H, 175, KeyB, DD, 208, KeyZ, UD, 33, KeyZ, DD, 126, Enter, UD, 159, Enter
H, 12, KeyZ, H, 152, Enter, DD, 1509, Period, UD, 1357, Period, H, 127, Period, DD, 1506, KeyK, UD, 1379, KeyK, DD, 129, Digit3, UD, 1508, Digit3, H, 10, KeyK, H, 135, Digit3, DD, 726, KeyM, UD, 591, KeyM, H, 115, KeyM, DD, 401, KeyO, UD, 286, KeyO, H, 91, KeyO, DD, 138, KeyO, UD, 47, KeyO, H, 101, KeyO, DD, 397, KeyS, UD, 296, KeyS, H, 191, KeyS, DD, 201, KeyA, UD, 10, KeyA, H, 171, KeyA, DD, 508, KeyB, UD, 337, KeyB, DD, 89, KeyZ, UD, 426, KeyZ, H, 75, KeyB, H, 146, KeyZ, DD, 625, Enter, UD, 479, Enter
H, 97, Enter, DD, 654, Period, UD, 557, Period, H, 121, Period, DD, 1101, KeyK, UD, 980, KeyK, H, 81, KeyK, DD, 142, Digit3, UD, 61, Digit3, H, 114, Digit3, DD, 1354, KeyM, UD, 1240, KeyM, H, 123, KeyM, DD, 634, KeyO, UD, 511, KeyO, H, 80, KeyO, DD, 136, KeyO, UD, 56, KeyO, H, 90, KeyO, DD, 1184, KeyS, UD, 1094, KeyS, H, 96, KeyS, DD, 194, KeyA, UD, 98, KeyA, H, 139, KeyA, DD, 233, KeyB, UD, 94, KeyB, H, 124, KeyB, DD, 141, KeyZ, UD, 17, KeyZ, DD, 107, Enter, UD, 124, Enter
H, 18, KeyZ, H, 152, Enter, DD, 732, Period, UD, 580, Period, H, 112, Period, DD, 837, KeyK, UD, 725, KeyK, H, 86, KeyK, DD, 152, Digit3, UD, 66, Digit3, H, 59, Digit3, DD, 810, KeyM, UD, 751, KeyM, H, 118, KeyM, DD, 359, KeyO, UD, 241, KeyO, H, 124, KeyO, DD, 148, KeyO, UD, 24, KeyO, H, 114, KeyO, DD, 1389, KeyS, UD, 1275, KeyS, H, 118, KeyS, DD, 214, KeyA, UD, 96, KeyA, DD, 116, KeyB, UD, 212, KeyB, H, 10, KeyA, H, 111, KeyB, DD, 175, KeyZ, UD, 64, KeyZ, H, 137, KeyZ, DD, 149, Enter, UD, 12, Enter
H, 104, Enter, DD, 701, Period, UD, 597, Period, H, 114, Period, DD, 377, KeyK, UD, 263, KeyK, H, 102, KeyK, DD, 317, Digit3, UD, 215, Digit3, H, 137, Digit3, DD, 181, KeyM, UD, 44, KeyM, H, 122, KeyM, DD, 327, KeyO, UD, 205, KeyO, H, 84, KeyO, DD, 132, KeyO, UD, 48, KeyO, H, 117, KeyO, DD, 839, KeyS, UD, 722, KeyS, H, 121, KeyS, DD, 247, KeyA, UD, 126, KeyA, H, 155, KeyA, DD, 205, KeyB, UD, 50, KeyB, DD, 105, KeyZ, UD, 155, KeyZ, H, 8, KeyB, H, 125, KeyZ, DD, 678, Enter, UD, 553, Enter
H, 109, Enter, DD, 382, Period, UD, 273, Period, H, 92, Period, DD, 1089, KeyK, UD, 997, KeyK, H, 91, KeyK, DD, 442, Digit3, UD, 351, Digit3, H, 122, Digit3, DD, 183, KeyM, UD, 61, KeyM, H, 104, KeyM, DD, 295, KeyO, UD, 191, KeyO, H, 89, KeyO, DD, 152, KeyO, UD, 63, KeyO, H, 91, KeyO, DD, 284, KeyS, UD, 193, KeyS, H, 99, KeyS, DD, 208, KeyA, UD, 109, KeyA, H, 119, KeyA, DD, 285, KeyB, UD, 166, KeyB, H, 150, KeyB, DD, 205, KeyZ, UD, 55, KeyZ, H, 100, KeyZ, DD, 122, Enter, UD, 22, Enter
H, 113, Enter, DD, 752, Period, UD, 639, Period, H, 95, Period, DD, 728, KeyK, UD, 633, KeyK, H, 95, KeyK, DD, 101, Digit3, UD, 6, Digit3, H, 114, Digit3, DD, 170, KeyM, UD, 56, KeyM, H, 101, KeyM, DD, 233, KeyO, UD, 132, KeyO, H, 78, KeyO, DD, 195, KeyO, UD, 117, KeyO, H, 81, KeyO, DD, 391, KeyS, UD, 310, KeyS, H, 115, KeyS, DD, 241, KeyA, UD, 126, KeyA, H, 89, KeyA, DD, 155, KeyB, UD, 66, KeyB, H, 105, KeyB, DD, 117, KeyZ, UD, 12, KeyZ, H, 109, KeyZ, DD, 147, Enter, UD, 38, Enter
H, 114, Enter, DD, 690, Period, UD, 576, Period, H, 96, Period, DD, 355, KeyK, UD, 259, KeyK, H, 104, KeyK, DD, 369, Digit3, UD, 265, Digit3, H, 111, Digit3, DD, 224, KeyM, UD, 113, KeyM, H, 123, KeyM, DD, 432, KeyO, UD, 309, KeyO, H, 81, KeyO, DD, 132, KeyO, UD, 51, KeyO, H, 103, KeyO, DD, 518, KeyS, UD, 415, KeyS, H, 102, KeyS, DD, 294, KeyA, UD, 192, KeyA, H, 107, KeyA, DD, 153, KeyB, UD, 46, KeyB, H, 130, KeyB, DD, 133, KeyZ, UD, 3, KeyZ, H, 118, KeyZ, DD, 702, Enter, UD, 584, Enter
H, 102, Enter, DD, 713, Period, UD, 611, Period, H, 95, Period, DD, 707, KeyK, UD, 612, KeyK, H, 85, KeyK, DD, 146, Digit3, UD, 61, Digit3, H, 117, Digit3, DD, 432, KeyM, UD, 315, KeyM, H, 93, KeyM, DD, 299, KeyO, UD, 206, KeyO, H, 88, KeyO, DD, 163, KeyO, UD, 75, KeyO, H, 86, KeyO, DD, 222, KeyS, UD, 136, KeyS, H, 115, KeyS, DD, 264, KeyA, UD, 149, KeyA, H, 96, KeyA, DD, 164, KeyB, UD, 68, KeyB, H, 107, KeyB, DD, 156, KeyZ, UD, 49, KeyZ, H, 94, KeyZ, DD, 192, Enter, UD, 98, Enter
H, 123, Enter, DD, 354, Period, UD, 231, Period, H, 104, Period, DD, 916, KeyK, UD, 812, KeyK, H, 125, KeyK, DD, 208, Digit3, UD, 83, Digit3, H, 118, Digit3, DD, 154, KeyM, UD, 36, KeyM, H, 106, KeyM, DD, 309, KeyO, UD, 203, KeyO, H, 85, KeyO, DD, 162, KeyO, UD, 77, KeyO, H, 104, KeyO, DD, 283, KeyS, UD, 179, KeyS, H, 107, KeyS, DD, 299, KeyA, UD, 192, KeyA, H, 88, KeyA, DD, 256, KeyB, UD, 168, KeyB, H, 108, KeyB, DD, 122, KeyZ, UD, 14, KeyZ, H, 93, KeyZ, DD, 656, Enter, UD, 563, Enter
H, 105, Enter, DD, 539, Period, UD, 434, Period, H, 107, Period, DD, 976, KeyK, UD, 869, KeyK, H, 120, KeyK, DD, 232, Digit3, UD, 112, Digit3, H, 120, Digit3, DD, 157, KeyM, UD, 37, KeyM, H, 133, KeyM, DD, 655, KeyO, UD, 522, KeyO, H, 91, KeyO, DD, 158, KeyO, UD, 67, KeyO, H, 114, KeyO, DD, 373, KeyS, UD, 259, KeyS, H, 100, KeyS, DD, 181, KeyA, UD, 81, KeyA, H, 114, KeyA, DD, 222, KeyB, UD, 108, KeyB, H, 117, KeyB, DD, 183, KeyZ, UD, 66, KeyZ, H, 113, KeyZ, DD, 133, Enter, UD, 20, Enter
H, 94, Enter, DD, 789, KeyM, UD, 695, KeyM, H, 90, KeyM, DD, 1139, Enter, UD, 1049, Enter
H, 97, Enter, DD, 509, KeyK, UD, 412, KeyK, H, 82, KeyK, DD, 478, Digit3, UD, 396, Digit3, H, 120, Digit3, DD, 257, KeyM, UD, 137, KeyM, H, 110, KeyM, DD, 327, KeyO, UD, 217, KeyO, H, 88, KeyO, DD, 159, KeyO, UD, 71, KeyO, H, 96, KeyO, DD, 334, KeyS, UD, 238, KeyS, H, 111, KeyS, DD, 215, KeyA, UD, 104, KeyA, H, 110, KeyA, DD, 690, KeyB, UD, 580, KeyB, H, 101, KeyB, DD, 111, KeyZ, UD, 10, KeyZ, H, 120, KeyZ, DD, 386, Enter, UD, 266, Enter
H, 117, Enter, DD, 958, Period, UD, 841, Period, H, 103, Period, DD, 458, KeyK, UD, 355, KeyK, H, 91, KeyK, DD, 442, Digit3, UD, 351, Digit3, H, 97, Digit3, DD, 333, KeyM, UD, 236, KeyM, H, 89, KeyM, DD, 166, KeyM, UD, 77, KeyM, H, 101, KeyM, DD, 224, KeyO, UD, 123, KeyO, H, 91, KeyO, DD, 1129, Enter, UD, 1038, Enter
H, 101, Enter, DD, 1940, KeyK, UD, 1839, KeyK, H, 105, KeyK, DD, 177, Digit3, UD, 72, Digit3, H, 108, Digit3, DD, 135, KeyM, UD, 27, KeyM, H, 108, KeyM, DD, 636, KeyO, UD, 528, KeyO, H, 90, KeyO, DD, 141, KeyO, UD, 51, KeyO, H, 120, KeyO, DD, 339, KeyS, UD, 219, KeyS, H, 114, KeyS, DD, 244, KeyA, UD, 130, KeyA, H, 102, KeyA, DD, 159, KeyB, UD, 57, KeyB, H, 111, KeyB, DD, 122, KeyZ, UD, 11, KeyZ, H, 108, KeyZ, DD, 159, Enter, UD, 51, Enter
H, 103, Enter, DD, 686, Period, UD, 583, Period, H, 97, Period, DD, 408, KeyK, UD, 311, KeyK, H, 98, KeyK, DD, 256, Digit3, UD, 158, Digit3, H, 92, Digit3, DD, 530, KeyM, UD, 438, KeyM, H, 104, KeyM, DD, 376, KeyO, UD, 272, KeyO, H, 92, KeyO, DD, 153, KeyO, UD, 61, KeyO, H, 129, KeyO, DD, 246, KeyS, UD, 117, KeyS, H, 141, KeyS, DD, 229, KeyA, UD, 88, KeyA, H, 97, KeyA, DD, 101, KeyB, UD, 4, KeyB, H, 80, KeyB, DD, 137, KeyZ, UD, 57, KeyZ, H, 95, KeyZ, DD, 461, Enter, UD, 366, Enter
H, 103, Enter, DD, 10765, Period, UD, 10662, Period, H, 128, Period, DD, 537, KeyK, UD, 409, KeyK, H, 142, KeyK, DD, 203, Digit3, UD, 61, Digit3, H, 115, Digit3, DD, 360, KeyM, UD, 245, KeyM, H, 91, KeyM, DD, 153, KeyM, UD, 62, KeyM, H, 115, KeyM, DD, 224, KeyO, UD, 109, KeyO, H, 88, KeyO, DD, 440, KeyS, UD, 352, KeyS, H, 97, KeyS, DD, 194, KeyA, UD, 97, KeyA, H, 96, KeyA, DD, 103, KeyB, UD, 7, KeyB, H, 89, KeyB, DD, 155, KeyZ, UD, 66, KeyZ, H, 109, KeyZ, DD, 116, Enter, UD, 7, Enter
H, 99, Enter, DD, 7778, Period, UD, 7679, Period, H, 151, Period, DD, 365, KeyK, UD, 214, KeyK, H, 145, KeyK, DD, 195, Digit3, UD, 50, Digit3, H, 105, Digit3, DD, 573, KeyM, UD, 468, KeyM, H, 108, KeyM, DD, 299, KeyO, UD, 191, KeyO, H, 83, KeyO, DD, 130, KeyO, UD, 47, KeyO, H, 100, KeyO, DD, 162, KeyS, UD, 62, KeyS, H, 118, KeyS, DD, 172, KeyA, UD, 54, KeyA, DD, 131, KeyB, UD, 185, KeyB, H, 11, KeyA, H, 104, KeyB, DD, 286, KeyZ, UD, 182, KeyZ, H, 123, KeyZ, DD, 142, Enter, UD, 19, Enter
H, 132, Enter, DD, 2580, Period, UD, 2448, Period, H, 107, Period, DD, 1161, KeyK, UD, 1054, KeyK, H, 90, KeyK, DD, 181, Digit3, UD, 91, Digit3, H, 86, Digit3, DD, 368, KeyM, UD, 282, KeyM, H, 89, KeyM, DD, 235, KeyO, UD, 146, KeyO, H, 77, KeyO, DD, 135, KeyO, UD, 58, KeyO, H, 92, KeyO, DD, 161, KeyS, UD, 69, KeyS, H, 104, KeyS, DD, 185, KeyA, UD, 81, KeyA, DD, 103, KeyB, UD, 184, KeyB, H, 12, KeyA, H, 100, KeyB, DD, 167, KeyZ, UD, 67, KeyZ, DD, 98, Enter, UD, 165, Enter
H, 16, KeyZ, H, 119, Enter, DD, 1245, Period, UD, 1126, Period, H, 94, Period, DD, 238, KeyK, UD, 144, KeyK, H, 85, KeyK, DD, 228, Digit3, UD, 143, Digit3, H, 112, Digit3, DD, 130, KeyM, UD, 18, KeyM, H, 91, KeyM, DD, 318, KeyO, UD, 227, KeyO, H, 77, KeyO, DD, 145, KeyO, UD, 68, KeyO, H, 114, KeyO, DD, 315, KeyS, UD, 201, KeyS, H, 90, KeyS, DD, 208, KeyA, UD, 118, KeyA, H, 108, KeyA, DD, 143, KeyB, UD, 35, KeyB, H, 87, KeyB, DD, 110, KeyZ, UD, 23, KeyZ, H, 108, KeyZ, DD, 334, Enter, UD, 226, Enter
H, 142, Enter, DD, 456, Period, UD, 314, Period, H, 113, Period, DD, 506, KeyK, UD, 393, KeyK, H, 100, KeyK, DD, 326, Digit3, UD, 226, Digit3, H, 122, Digit3, DD, 172, KeyM, UD, 50, KeyM, H, 100, KeyM, DD, 917, KeyO, UD, 817, KeyO, H, 101, KeyO, DD, 168, KeyO, UD, 67, KeyO, H, 114, KeyO, DD, 293, KeyS, UD, 179, KeyS, H, 108, KeyS, DD, 280, KeyA, UD, 172, KeyA, H, 108, KeyA, DD, 469, KeyB, UD, 361, KeyB, DD, 89, KeyZ, UD, 450, KeyZ, H, 10, KeyB, H, 118, KeyZ, DD, 593, Enter, UD, 475, Enter
H, 91, Enter, DD, 580, Period, UD, 489, Period, H, 101, Period, DD, 858, KeyK, UD, 757, KeyK, H, 94, KeyK, DD, 117, Digit3, UD, 23, Digit3, H, 127, Digit3, DD, 280, KeyM, UD, 153, KeyM, H, 86, KeyM, DD, 487, KeyO, UD, 401, KeyO, H, 99, KeyO, DD, 403, KeyO, UD, 304, KeyO, H, 97, KeyO, DD, 1155, KeyS, UD, 1058, KeyS, H, 120, KeyS, DD, 835, KeyA, UD, 715, KeyA, H, 88, KeyA, DD, 123, KeyB, UD, 35, KeyB, H, 95, KeyB, DD, 130, KeyZ, UD, 35, KeyZ, H, 115, KeyZ, DD, 132, Enter, UD, 17, Enter
H, 97, Enter, DD, 600, Period, UD, 503, Period, H, 113, Period, DD, 347, KeyK, UD, 234, KeyK, H, 109, KeyK, DD, 266, Digit3, UD, 157, Digit3, H, 124, Digit3, DD, 146, KeyM, UD, 22, KeyM, H, 113, KeyM, DD, 312, KeyO, UD, 199, KeyO, H, 91, KeyO, DD, 154, KeyO, UD, 63, KeyO, H, 96, KeyO, DD, 213, KeyS, UD, 117, KeyS, H, 114, KeyS, DD, 182, KeyA, UD, 68, KeyA, H, 120, KeyA, DD, 144, KeyB, UD, 24, KeyB, H, 114, KeyB, DD, 179, KeyZ, UD, 65, KeyZ, DD, 132, Enter, UD, 197, Enter
H, 21, KeyZ, H, 156, Enter, DD, 307, Period, UD, 151, Period, H, 153, Period, DD, 607, KeyK, UD, 454, KeyK, H, 75, KeyK, DD, 634, Digit3, UD, 559, Digit3, H, 90, Digit3, DD, 214, KeyM, UD, 124, KeyM, H, 101, KeyM, DD, 361, KeyO, UD, 260, KeyO, H, 90, KeyO, DD, 164, KeyO, UD, 74, KeyO, H, 103, KeyO, DD, 278, KeyS, UD, 175, KeyS, H, 101, KeyS, DD, 245, KeyA, UD, 144, KeyA, H, 129, KeyA, DD, 260, KeyB, UD, 131, KeyB, H, 113, KeyB, DD, 125, KeyZ, UD, 12, KeyZ, H, 129, KeyZ, DD, 156, Enter, UD, 27, Enter
H, 120, Enter, DD, 298, Period, UD, 178, Period, H, 110, Period, DD, 366, KeyK, UD, 256, KeyK, H, 108, KeyK, DD, 564, Digit3, UD, 456, Digit3, H, 132, Digit3, DD, 182, KeyM, UD, 50, KeyM, H, 127, KeyM, DD, 427, KeyO, UD, 300, KeyO, H, 81, KeyO, DD, 153, KeyO, UD, 72, KeyO, H, 104, KeyO, DD, 1126, KeyS, UD, 1022, KeyS, H, 142, KeyS, DD, 1517, KeyA, UD, 1375, KeyA, DD, 121, KeyB, UD, 1496, KeyB, H, 7, KeyA, H, 120, KeyB, DD, 195, KeyZ, UD, 75, KeyZ, H, 149, KeyZ, DD, 211, Enter, UD, 62, Enter
H, 174, Enter, DD, 685, Period, UD, 511, Period, H, 121, Period, DD, 332, KeyK, UD, 211, KeyK, H, 119, KeyK, DD, 366, Digit3, UD, 247, Digit3, H, 110, Digit3, DD, 175, KeyM, UD, 65, KeyM, H, 109, KeyM, DD, 296, KeyO, UD, 187, KeyO, H, 78, KeyO, DD, 130, KeyO, UD, 52, KeyO, H, 114, KeyO, DD, 219, KeyS, UD, 105, KeyS, H, 110, KeyS, DD, 209, KeyA, UD, 99, KeyA, H, 109, KeyA, DD, 124, KeyB, UD, 15, KeyB, H, 98, KeyB, DD, 151, KeyZ, UD, 53, KeyZ, H, 110, KeyZ, DD, 161, Enter, UD, 51, Enter
H, 113, Enter, DD, 2459, Period, UD, 2346, Period, H, 120, Period, DD, 278, KeyK, UD, 158, KeyK, DD, 74, Digit3, UD, 232, Digit3, H, 35, KeyK, H, 102, Digit3, DD, 205, KeyM, UD, 103, KeyM, H, 63, KeyM, DD, 336, KeyO, UD, 273, KeyO, H, 84, KeyO, DD, 135, KeyO, UD, 51, KeyO, H, 110, KeyO, DD, 737, KeyS, UD, 627, KeyS, H, 107, KeyS, DD, 201, KeyA, UD, 94, KeyA, H, 102, KeyA, DD, 151, KeyB, UD, 49, KeyB, H, 96, KeyB, DD, 106, KeyZ, UD, 10, KeyZ, H, 106, KeyZ, DD, 171, Enter, UD, 65, Enter
H, 132, Enter, DD, 345, Period, UD, 213, Period, H, 108, Period, DD, 453, KeyK, UD, 345, KeyK, H, 111, KeyK, DD, 326, Digit3, UD, 215, Digit3, H, 103, Digit3, DD, 160, KeyM, UD, 57, KeyM, H, 109, KeyM, DD, 333, KeyO, UD, 224, KeyO, H, 75, KeyO, DD, 149, KeyO, UD, 74, KeyO, H, 82, KeyO, DD, 528, KeyS, UD, 446, KeyS, H, 97, KeyS, DD, 347, KeyA, UD, 250, KeyA, H, 85, KeyA, DD, 156, KeyB, UD, 71, KeyB, H, 94, KeyB, DD, 117, KeyZ, UD, 23, KeyZ, H, 98, KeyZ, DD, 167, Enter, UD, 69, Enter
H, 124, Enter, DD, 293, Period, UD, 169, Period, H, 103, Period, DD, 1882, KeyK, UD, 1779, KeyK, H, 185, KeyK, DD, 244, Digit3, UD, 59, Digit3, H, 120, Digit3, DD, 203, KeyM, UD, 83, KeyM, H, 133, KeyM, DD, 332, KeyO, UD, 199, KeyO, H, 86, KeyO, DD, 157, KeyO, UD, 71, KeyO, H, 116, KeyO, DD, 260, KeyS, UD, 144, KeyS, H, 105, KeyS, DD, 197, KeyA, UD, 92, KeyA, H, 120, KeyA, DD, 180, KeyB, UD, 60, KeyB, H, 100, KeyB, DD, 113, KeyZ, UD, 13, KeyZ, H, 110, KeyZ, DD, 161, Enter, UD, 51, Enter
H, 143, Enter, DD, 1092, Period, UD, 949, Period, H, 138, Period, DD, 1021, KeyK, UD, 883, KeyK, DD, 87, Digit3, UD, 970, Digit3, H, 9, KeyK, H, 123, Digit3, DD, 166, KeyM, UD, 43, KeyM, H, 104, KeyM, DD, 714, KeyO, UD, 610, KeyO, H, 76, KeyO, DD, 139, KeyO, UD, 63, KeyO, H, 105, KeyO, DD, 193, KeyS, UD, 88, KeyS, H, 146, KeyS, DD, 258, KeyA, UD, 112, KeyA, H, 116, KeyA, DD, 181, KeyB, UD, 65, KeyB, H, 96, KeyB, DD, 153, KeyZ, UD, 57, KeyZ, H, 124, KeyZ, DD, 143, Enter, UD, 19, Enter
H, 136, Enter, DD, 610, Period, UD, 474, Period, H, 132, Period, DD, 346, KeyK, UD, 214, KeyK, H, 154, KeyK, DD, 228, Digit3, UD, 74, Digit3, H, 114, Digit3, DD, 161, KeyM, UD, 47, KeyM, H, 114, KeyM, DD, 308, KeyO, UD, 194, KeyO, H, 73, KeyO, DD, 129, KeyO, UD, 56, KeyO, H, 115, KeyO, DD, 379, KeyS, UD, 264, KeyS, H, 104, KeyS, DD, 207, KeyA, UD, 103, KeyA, H, 91, KeyA, DD, 173, KeyB, UD, 82, KeyB, DD, 94, KeyZ, UD, 176, KeyZ, H, 9, KeyB, H, 110, KeyZ, DD, 166, Enter, UD, 56, Enter
H, 125, Enter, DD, 501, Period, UD, 376, Period, H, 118, Period, DD, 402, KeyK, UD, 284, KeyK, H, 118, KeyK, DD, 246, Digit3, UD, 128, Digit3, H, 128, Digit3, DD, 164, KeyM, UD, 36, KeyM, H, 103, KeyM, DD, 559, KeyO, UD, 456, KeyO, H, 80, KeyO, DD, 139, KeyO, UD, 59, KeyO, H, 96, KeyO, DD, 270, KeyS, UD, 174, KeyS, H, 97, KeyS, DD, 241, KeyA, UD, 144, KeyA, H, 134, KeyA, DD, 178, KeyB, UD, 44, KeyB, H, 89, KeyB, DD, 102, KeyZ, UD, 13, KeyZ, H, 100, KeyZ, DD, 181, Enter, UD, 81, Enter
H, 67, Enter, DD, 648, Period, UD, 581, Period, H, 114, Period, DD, 481, KeyK, UD, 367, KeyK, H, 121, KeyK, DD, 235, Digit3, UD, 114, Digit3, H, 136, Digit3, DD, 197, KeyM, UD, 61, KeyM, H, 110, KeyM, DD, 313, KeyO, UD, 203, KeyO, H, 79, KeyO, DD, 140, KeyO, UD, 61, KeyO, H, 121, KeyO, DD, 403, KeyS, UD, 282, KeyS, H, 96, KeyS, DD, 194, KeyA, UD, 98, KeyA, H, 100, KeyA, DD, 171, KeyB, UD, 71, KeyB, H, 96, KeyB, DD, 116, KeyZ, UD, 20, KeyZ, H, 128, KeyZ, DD, 537, Enter, UD, 409, Enter
H, 96, Enter, DD, 369, Period, UD, 273, Period, H, 133, Period, DD, 485, KeyK, UD, 352, KeyK, H, 106, KeyK, DD, 211, Digit3, UD, 105, Digit3, H, 143, Digit3, DD, 166, KeyM, UD, 23, KeyM, H, 84, KeyM, DD, 591, KeyO, UD, 507, KeyO, H, 104, KeyO, DD, 1098, KeyO, UD, 994, KeyO, H, 89, KeyO, DD, 188, KeyS, UD, 99, KeyS, H, 141, KeyS, DD, 659, KeyA, UD, 518, KeyA, H, 101, KeyA, DD, 134, KeyB, UD, 33, KeyB, H, 88, KeyB, DD, 95, KeyZ, UD, 7, KeyZ, H, 82, KeyZ, DD, 169, Enter, UD, 87, Enter
H, 138, Enter, DD, 264, Period, UD, 126, Period, H, 118, Period, DD, 437, KeyK, UD, 319, KeyK, H, 102, KeyK, DD, 123, Digit3, UD, 21, Digit3, H, 116, Digit3, DD, 198, KeyM, UD, 82, KeyM, H, 113, KeyM, DD, 310, KeyO, UD, 197, KeyO, H, 97, KeyO, DD, 183, KeyO, UD, 86, KeyO, H, 101, KeyO, DD, 1131, KeyS, UD, 1030, KeyS, H, 123, KeyS, DD, 250, KeyA, UD, 127, KeyA, H, 132, KeyA, DD, 843, KeyB, UD, 711, KeyB, H, 81, KeyB, DD, 84, KeyZ, UD, 3, KeyZ, H, 120, KeyZ, DD, 515, Enter, UD, 395, Enter
H, 120, Enter, DD, 283, Period, UD, 163, Period, H, 165, Period, DD, 441, KeyK, UD, 276, KeyK, H, 124, KeyK, DD, 415, Digit3, UD, 291, Digit3, H, 116, Digit3, DD, 248, KeyM, UD, 132, KeyM, H, 97, KeyM, DD, 187, KeyM, UD, 90, KeyM, H, 88, KeyM, DD, 241, KeyO, UD, 153, KeyO, H, 93, KeyO, DD, 217, KeyS, UD, 124, KeyS, H, 120, KeyS, DD, 203, KeyA, UD, 83, KeyA, H, 130, KeyA, DD, 182, KeyB, UD, 52, KeyB, H, 107, KeyB, DD, 123, KeyZ, UD, 16, KeyZ, H, 128, KeyZ, DD, 143, Enter, UD, 15, Enter
H, 130, Enter, DD, 629, Period, UD, 499, Period, H, 146, Period, DD, 506, KeyK, UD, 360, KeyK, H, 101, KeyK, DD, 164, Digit3, UD, 63, Digit3, H, 137, Digit3, DD, 282, KeyM, UD, 145, KeyM, H, 97, KeyM, DD, 159, KeyM, UD, 62, KeyM, H, 122, KeyM, DD, 1433, Enter, UD, 1311, Enter
H, 132, Enter, DD, 1066, Period, UD, 934, Period, H, 105, Period, DD, 1678, KeyK, UD, 1573, KeyK, H, 130, KeyK, DD, 148, Digit3, UD, 18, Digit3, H, 146, Digit3, DD, 159, KeyM, UD, 13, KeyM, H, 122, KeyM, DD, 294, KeyO, UD, 172, KeyO, H, 130, KeyO, DD, 185, KeyO, UD, 55, KeyO, H, 114, KeyO, DD, 545, KeyS, UD, 431, KeyS, H, 123, KeyS, DD, 257, KeyA, UD, 134, KeyA, H, 121, KeyA, DD, 201, KeyB, UD, 80, KeyB, H, 114, KeyB, DD, 171, KeyZ, UD, 57, KeyZ, H, 134, KeyZ, DD, 180, Enter, UD, 46, Enter
H, 165, Enter, DD, 603, Period, UD, 438, Period, H, 122, Period, DD, 296, KeyK, UD, 174, KeyK, H, 132, KeyK, DD, 183, Digit3, UD, 51, Digit3, H, 127, Digit3, DD, 241, KeyM, UD, 114, KeyM, H, 102, KeyM, DD, 178, KeyM, UD, 76, KeyM, H, 107, KeyM, DD, 355, KeyO, UD, 248, KeyO, H, 118, KeyO, DD, 195, KeyS, UD, 77, KeyS, H, 124, KeyS, DD, 239, KeyA, UD, 115, KeyA, H, 110, KeyA, DD, 161, KeyB, UD, 51, KeyB, DD, 102, KeyZ, UD, 153, KeyZ, H, 8, KeyB, H, 112, KeyZ, DD, 194, Enter, UD, 82, Enter
H, 156, Enter, DD, 294, Period, UD, 138, Period, H, 160, Period, DD, 2676, KeyK, UD, 2516, KeyK, H, 119, KeyK, DD, 136, Digit3, UD, 17, Digit3, H, 114, Digit3, DD, 126, KeyM, UD, 12, KeyM, H, 112, KeyM, DD, 262, KeyO, UD, 150, KeyO, H, 88, KeyO, DD, 151, KeyO, UD, 63, KeyO, H, 85, KeyO, DD, 128, KeyS, UD, 43, KeyS, H, 132, KeyS, DD, 447, KeyA, UD, 315, KeyA, H, 110, KeyA, DD, 126, KeyB, UD, 16, KeyB, H, 91, KeyB, DD, 167, KeyZ, UD, 76, KeyZ, DD, 129, Enter, UD, 205, Enter
H, 7, KeyZ, H, 158, Enter, DD, 344, Period, UD, 186, Period, H, 168, Period, DD, 770, KeyK, UD, 602, KeyK, H, 133, KeyK, DD, 459, Digit3, UD, 326, Digit3, H, 123, Digit3, DD, 198, KeyM, UD, 75, KeyM, H, 73, KeyM, DD, 559, KeyO, UD, 486, KeyO, H, 91, KeyO, DD, 164, KeyO, UD, 73, KeyO, H, 81, KeyO, DD, 330, KeyS, UD, 249, KeyS, H, 98, KeyS, DD, 238, KeyA, UD, 140, KeyA, H, 113, KeyA, DD, 143, KeyB, UD, 30, KeyB, H, 98, KeyB, DD, 143, KeyZ, UD, 45, KeyZ, H, 129, KeyZ, DD, 135, Enter, UD, 6, Enter
H, 155, Enter, DD, 320, Period, UD, 165, Period, H, 91, Period, DD, 1018, KeyK, UD, 927, KeyK, H, 94, KeyK, DD, 343, Digit3, UD, 249, Digit3, H, 121, Digit3, DD, 293, KeyM, UD, 172, KeyM, H, 89, KeyM, DD, 283, KeyO, UD, 194, KeyO, H, 77, KeyO, DD, 145, KeyO, UD, 68, KeyO, H, 105, KeyO, DD, 206, KeyS, UD, 101, KeyS, H, 131, KeyS, DD, 215, KeyA, UD, 84, KeyA, H, 119, KeyA, DD, 179, KeyB, UD, 60, KeyB, H, 88, KeyB, DD, 143, KeyZ, UD, 55, KeyZ, H, 123, KeyZ, DD, 205, Enter, UD, 82, Enter
H, 140, Enter, DD, 398, Period, UD, 258, Period, H, 146, Period, DD, 654, KeyK, UD, 508, KeyK, H, 116, KeyK, DD, 400, Digit3, UD, 284, Digit3, H, 108, Digit3, DD, 339, KeyM, UD, 231, KeyM, H, 120, KeyM, DD, 288, KeyO, UD, 168, KeyO, H, 101, KeyO, DD, 161, KeyO, UD, 60, KeyO, H, 104, KeyO, DD, 623, KeyS, UD, 519, KeyS, H, 123, KeyS, DD, 355, KeyA, UD, 232, KeyA, H, 139, KeyA, DD, 226, KeyB, UD, 87, KeyB, H, 84, KeyB, DD, 92, KeyZ, UD, 8, KeyZ, H, 119, KeyZ, DD, 216, Enter, UD, 97, Enter
H, 170, Enter, DD, 453, Period, UD, 283, Period, H, 163, Period, DD, 361, KeyK, UD, 198, KeyK, H, 121, KeyK, DD, 245, Digit3, UD, 124, Digit3, H, 110, Digit3, DD, 213, KeyM, UD, 103, KeyM, H, 105, KeyM, DD, 314, KeyO, UD, 209, KeyO, H, 89, KeyO, DD, 168, KeyO, UD, 79, KeyO, H, 95, KeyO, DD, 570, KeyS, UD, 475, KeyS, H, 102, KeyS, DD, 195, KeyA, UD, 93, KeyA, H, 95, KeyA, DD, 152, KeyB, UD, 57, KeyB, H, 87, KeyB, DD, 123, KeyZ, UD, 36, KeyZ, H, 114, KeyZ, DD, 159, Enter, UD, 45, Enter
H, 119, Enter, DD, 300, Period, UD, 181, Period, H, 178, Period, DD, 740, KeyK, UD, 562, KeyK, H, 102, KeyK, DD, 303, Digit3, UD, 201, Digit3, H, 108, Digit3, DD, 219, KeyM, UD, 111, KeyM, H, 98, KeyM, DD, 290, KeyO, UD, 192, KeyO, H, 81, KeyO, DD, 175, KeyO, UD, 94, KeyO, H, 94, KeyO, DD, 250, KeyS, UD, 156, KeyS, H, 119, KeyS, DD, 274, KeyA, UD, 155, KeyA, H, 102, KeyA, DD, 210, KeyB, UD, 108, KeyB, H, 91, KeyB, DD, 106, KeyZ, UD, 15, KeyZ, H, 110, KeyZ, DD, 241, Enter, UD, 131, Enter
H, 160, Enter, DD, 597, Period, UD, 437, Period, H, 118, Period, DD, 327, KeyK, UD, 209, KeyK, H, 114, KeyK, DD, 231, Digit3, UD, 117, Digit3, H, 114, Digit3, DD, 187, KeyM, UD, 73, KeyM, H, 110, KeyM, DD, 320, KeyO, UD, 210, KeyO, H, 79, KeyO, DD, 141, KeyO, UD, 62, KeyO, H, 116, KeyO, DD, 215, KeyS, UD, 99, KeyS, H, 118, KeyS, DD, 210, KeyA, UD, 92, KeyA, H, 105, KeyA, DD, 152, KeyB, UD, 47, KeyB, H, 94, KeyB, DD, 112, KeyZ, UD, 18, KeyZ, H, 125, KeyZ, DD, 179, Enter, UD, 54, Enter
H, 141, Enter, DD, 654, Period, UD, 513, Period, H, 115, Period, DD, 303, KeyK, UD, 188, KeyK, H, 108, KeyK, DD, 258, Digit3, UD, 150, Digit3, H, 117, Digit3, DD, 162, KeyM, UD, 45, KeyM, H, 123, KeyM, DD, 302, KeyO, UD, 179, KeyO, H, 86, KeyO, DD, 154, KeyO, UD, 68, KeyO, H, 103, KeyO, DD, 198, KeyS, UD, 95, KeyS, H, 111, KeyS, DD, 225, KeyA, UD, 114, KeyA, H, 99, KeyA, DD, 363, KeyB, UD, 264, KeyB, H, 143, KeyB, DD, 196, KeyZ, UD, 53, KeyZ, H, 135, KeyZ, DD, 163, Enter, UD, 28, Enter
H, 121, Enter, DD, 520, Period, UD, 399, Period, H, 138, Period, DD, 928, KeyK, UD, 790, KeyK, H, 120, KeyK, DD, 145, Digit3, UD, 25, Digit3, H, 101, Digit3, DD, 203, KeyM, UD, 102, KeyM, H, 67, KeyM, DD, 299, KeyO, UD, 232, KeyO, H, 87, KeyO, DD, 209, KeyO, UD, 122, KeyO, H, 77, KeyO, DD, 729, KeyS, UD, 652, KeyS, H, 91, KeyS, DD, 207, KeyA, UD, 116, KeyA, H, 86, KeyA, DD, 175, KeyB, UD, 89, KeyB, H, 100, KeyB, DD, 122, KeyZ, UD, 22, KeyZ, H, 98, KeyZ, DD, 182, Enter, UD, 84, Enter
H, 164, Enter, DD, 598, Period, UD, 434, Period, H, 121, Period, DD, 365, KeyK, UD, 244, KeyK, H, 104, KeyK, DD, 291, Digit3, UD, 187, Digit3, H, 112, Digit3, DD, 211, KeyM, UD, 99, KeyM, H, 122, KeyM, DD, 1029, KeyO, UD, 907, KeyO, H, 124, KeyO, DD, 200, KeyO, UD, 76, KeyO, H, 112, KeyO, DD, 187, KeyS, UD, 75, KeyS, H, 122, KeyS, DD, 732, KeyA, UD, 610, KeyA, H, 90, KeyA, DD, 129, KeyB, UD, 39, KeyB, H, 85, KeyB, DD, 118, KeyZ, UD, 33, KeyZ, H, 111, KeyZ, DD, 155, Enter, UD, 44, Enter
H, 123, Enter, DD, 485, Period, UD, 362, Period, H, 136, Period, DD, 295, KeyK, UD, 159, KeyK, H, 122, KeyK, DD, 221, Digit3, UD, 99, Digit3, H, 106, Digit3, DD, 441, KeyS, UD, 335, KeyS, H, 106, KeyS, DD, 2321, Enter, UD, 2215, Enter
H, 176, Enter, DD, 641, KeyK, UD, 465, KeyK, H, 101, KeyK, DD, 343, Digit3, UD, 242, Digit3, H, 130, Digit3, DD, 169, KeyM, UD, 39, KeyM, H, 120, KeyM, DD, 259, KeyO, UD, 139, KeyO, H, 91, KeyO, DD, 166, KeyO, UD, 75, KeyO, H, 107, KeyO, DD, 117, KeyS, UD, 10, KeyS, H, 133, KeyS, DD, 144, KeyA, UD, 11, KeyA, H, 135, KeyA, DD, 159, KeyB, UD, 24, KeyB, H, 122, KeyB, DD, 131, KeyZ, UD, 9, KeyZ, H, 127, KeyZ, DD, 180, Enter, UD, 53, Enter
H, 154, Enter, DD, 609, Period, UD, 455, Period, H, 123, Period, DD, 292, KeyK, UD, 169, KeyK, H, 124, KeyK, DD, 160, Digit3, UD, 36, Digit3, H, 122, Digit3, DD, 148, KeyM, UD, 26, KeyM, H, 113, KeyM, DD, 314, KeyO, UD, 201, KeyO, H, 69, KeyO, DD, 135, KeyO, UD, 66, KeyO, H, 101, KeyO, DD, 253, KeyS, UD, 152, KeyS, H, 118, KeyS, DD, 200, KeyA, UD, 82, KeyA, H, 104, KeyA, DD, 165, KeyB, UD, 61, KeyB, H, 87, KeyB, DD, 107, KeyZ, UD, 20, KeyZ, H, 118, KeyZ, DD, 148, Enter, UD, 30, Enter
H, 120, Enter, DD, 670, Period, UD, 550, Period, H, 102, Period, DD, 325, KeyK, UD, 223, KeyK, H, 131, KeyK, DD, 190, Digit3, UD, 59, Digit3, H, 132, Digit3, DD, 164, KeyM, UD, 32, KeyM, H, 112, KeyM, DD, 341, KeyO, UD, 229, KeyO, H, 90, KeyO, DD, 184, KeyO, UD, 94, KeyO, H, 91, KeyO, DD, 394, KeyS, UD, 303, KeyS, H, 113, KeyS, DD, 222, KeyA, UD, 109, KeyA, H, 101, KeyA, DD, 176, KeyB, UD, 75, KeyB, H, 97, KeyB, DD, 121, KeyZ, UD, 24, KeyZ, H, 116, KeyZ, DD, 147, Enter, UD, 31, Enter
H, 143, Enter, DD, 306, Period, UD, 163, Period, H, 174, Period, DD, 502, KeyK, UD, 328, KeyK, H, 115, KeyK, DD, 249, Digit3, UD, 134, Digit3, H, 138, Digit3, DD, 193, KeyM, UD, 55, KeyM, H, 119, KeyM, DD, 344, KeyO, UD, 225, KeyO, H, 102, KeyO, DD, 175, KeyO, UD, 73, KeyO, H, 103, KeyO, DD, 657, KeyS, UD, 554, KeyS, H, 102, KeyS, DD, 247, KeyA, UD, 145, KeyA, H, 128, KeyA, DD, 177, KeyB, UD, 49, KeyB, H, 119, KeyB, DD, 201, KeyZ, UD, 82, KeyZ, H, 124, KeyZ, DD, 225, Enter, UD, 101, Enter
H, 197, Enter, DD, 888, Period, UD, 691, Period, H, 135, Period, DD, 304, KeyK, UD, 169, KeyK, H, 114, KeyK, DD, 168, Digit3, UD, 54, Digit3, H, 118, Digit3, DD, 185, KeyM, UD, 67, KeyM, H, 101, KeyM, DD, 293, KeyO, UD, 192, KeyO, H, 93, KeyO, DD, 153, KeyO, UD, 60, KeyO, H, 110, KeyO, DD, 163, KeyS, UD, 53, KeyS, H, 105, KeyS, DD, 177, KeyA, UD, 72, KeyA, H, 120, KeyA, DD, 225, KeyB, UD, 105, KeyB, H, 91, KeyB, DD, 94, KeyZ, UD, 3, KeyZ, H, 132, KeyZ, DD, 184, Enter, UD, 52, Enter
H, 137, Enter, DD, 764, Period, UD, 627, Period, H, 94, Period, DD, 319, KeyK, UD, 225, KeyK, H, 108, KeyK, DD, 122, Digit3, UD, 14, Digit3, H, 119, Digit3, DD, 169, KeyM, UD, 50, KeyM, H, 107, KeyM, DD, 305, KeyO, UD, 198, KeyO, H, 70, KeyO, DD, 134, KeyO, UD, 64, KeyO, H, 124, KeyO, DD, 186, KeyS, UD, 62, KeyS, H, 139, KeyS, DD, 225, KeyA, UD, 86, KeyA, H, 114, KeyA, DD, 155, KeyB, UD, 41, KeyB, DD, 111, KeyZ, UD, 152, KeyZ, H, 6, KeyB, H, 119, KeyZ, DD, 199, Enter, UD, 80, Enter
H, 150, Enter, DD, 682, Period, UD, 532, Period, H, 124, Period, DD, 308, KeyK, UD, 184, KeyK, H, 133, KeyK, DD, 170, Digit3, UD, 37, Digit3, H, 118, Digit3, DD, 882, KeyM, UD, 764, KeyM, H, 124, KeyM, DD, 237, KeyO, UD, 113, KeyO, H, 87, KeyO, DD, 161, KeyO, UD, 74, KeyO, H, 97, KeyO, DD, 475, KeyS, UD, 378, KeyS, H, 120, KeyS, DD, 209, KeyA, UD, 89, KeyA, H, 104, KeyA, DD, 127, KeyB, UD, 23, KeyB, H, 95, KeyB, DD, 125, KeyZ, UD, 30, KeyZ, H, 97, KeyZ, DD, 142, Enter, UD, 45, Enter
H, 109, Enter, DD, 597, Period, UD, 488, Period, H, 124, Period, DD, 276, KeyK, UD, 152, KeyK, H, 119, KeyK, DD, 305, Digit3, UD, 186, Digit3, H, 117, Digit3, DD, 174, KeyM, UD, 57, KeyM, H, 123, KeyM, DD, 552, KeyO, UD, 429, KeyO, H, 91, KeyO, DD, 167, KeyO, UD, 76, KeyO, H, 101, KeyO, DD, 180, KeyS, UD, 79, KeyS, H, 129, KeyS, DD, 198, KeyA, UD, 69, KeyA, H, 128, KeyA, DD, 147, KeyB, UD, 19, KeyB, H, 98, KeyB, DD, 147, KeyZ, UD, 49, KeyZ, H, 113, KeyZ, DD, 141, Enter, UD, 28, Enter
H, 147, Enter, DD, 442, Period, UD, 295, Period, H, 130, Period, DD, 300, KeyK, UD, 170, KeyK, H, 110, KeyK, DD, 164, Digit3, UD, 54, Digit3, H, 124, Digit3, DD, 318, KeyM, UD, 194, KeyM, H, 119, KeyM, DD, 475, KeyO, UD, 356, KeyO, H, 87, KeyO, DD, 148, KeyO, UD, 61, KeyO, H, 99, KeyO, DD, 298, KeyS, UD, 199, KeyS, H, 114, KeyS, DD, 208, KeyA, UD, 94, KeyA, DD, 116, KeyB, UD, 210, KeyB, H, 12, KeyA, H, 108, KeyB, DD, 151, KeyZ, UD, 43, KeyZ, DD, 88, Enter, UD, 131, Enter
H, 46, KeyZ, H, 130, Enter, DD, 556, Period, UD, 426, Period, H, 145, Period, DD, 318, KeyK, UD, 173, KeyK, H, 105, KeyK, DD, 212, Digit3, UD, 107, Digit3, H, 133, Digit3, DD, 139, KeyM, UD, 6, KeyM, H, 114, KeyM, DD, 329, KeyO, UD, 215, KeyO, H, 72, KeyO, DD, 148, KeyO, UD, 76, KeyO, H, 130, KeyO, DD, 166, KeyS, UD, 36, KeyS, H, 134, KeyS, DD, 156, KeyA, UD, 22, KeyA, H, 130, KeyA, DD, 147, KeyB, UD, 17, KeyB, H, 86, KeyB, DD, 117, KeyZ, UD, 31, KeyZ, H, 108, KeyZ, DD, 142, Enter, UD, 34, Enter
H, 123, Enter, DD, 657, Period, UD, 534, Period, H, 128, Period, DD, 278, KeyK, UD, 150, KeyK, H, 118, KeyK, DD, 131, Digit3, UD, 13, Digit3, H, 131, Digit3, DD, 172, KeyM, UD, 41, KeyM, H, 109, KeyM, DD, 303, KeyO, UD, 194, KeyO, H, 77, KeyO, DD, 147, KeyO, UD, 70, KeyO, H, 110, KeyO, DD, 182, KeyS, UD, 72, KeyS, DD, 117, KeyA, UD, 189, KeyA, H, 18, KeyS, H, 128, KeyA, DD, 187, KeyB, UD, 59, KeyB, H, 83, KeyB, DD, 98, KeyZ, UD, 15, KeyZ, H, 105, KeyZ, DD, 162, Enter, UD, 57, Enter
H, 124, Enter, DD, 581, Period, UD, 457, Period, H, 157, Period, DD, 310, KeyK, UD, 153, KeyK, H, 121, KeyK, DD, 195, Digit3, UD, 74, Digit3, H, 119, Digit3, DD, 206, KeyM, UD, 87, KeyM, H, 122, KeyM, DD, 535, KeyO, UD, 413, KeyO, H, 76, KeyO, DD, 149, KeyO, UD, 73, KeyO, H, 93, KeyO, DD, 202, KeyS, UD, 109, KeyS, H, 115, KeyS, DD, 178, KeyA, UD, 63, KeyA, H, 118, KeyA, DD, 187, KeyB, UD, 69, KeyB, H, 88, KeyB, DD, 96, KeyZ, UD, 8, KeyZ, H, 108, KeyZ, DD, 174, Enter, UD, 66, Enter
H, 130, Enter, DD, 380, Period, UD, 250, Period, H, 126, Period, DD, 319, KeyM, UD, 193, KeyM, H, 123, KeyM, DD, 859, Enter, UD, 736, Enter
H, 128, Enter, DD, 696, Period, UD, 568, Period, H, 113, Period, DD, 247, KeyK, UD, 134, KeyK, H, 88, KeyK, DD, 211, Digit3, UD, 123, Digit3, H, 130, Digit3, DD, 248, KeyM, UD, 118, KeyM, H, 108, KeyM, DD, 278, KeyO, UD, 170, KeyO, H, 86, KeyO, DD, 142, KeyO, UD, 56, KeyO, H, 95, KeyO, DD, 133, KeyS, UD, 38, KeyS, DD, 122, KeyA, UD, 160, KeyA, H, 37, KeyS, H, 115, KeyA, DD, 148, KeyB, UD, 33, KeyB, H, 75, KeyB, DD, 115, KeyZ, UD, 40, KeyZ, H, 103, KeyZ, DD, 139, Enter, UD, 36, Enter
H, 124, Enter, DD, 999, Period, UD, 875, Period, H, 113, Period, DD, 294, KeyK, UD, 181, KeyK, H, 108, KeyK, DD, 139, Digit3, UD, 31, Digit3, H, 113, Digit3, DD, 468, KeyO, UD, 355, KeyO, H, 91, KeyO, DD, 151, KeyO, UD, 60, KeyO, H, 105, KeyO, DD, 160, KeyS, UD, 55, KeyS, H, 108, KeyS, DD, 157, KeyA, UD, 49, KeyA, H, 126, KeyA, DD, 135, KeyB, UD, 9, KeyB, H, 117, KeyB, DD, 149, KeyZ, UD, 32, KeyZ, H, 104, KeyZ, DD, 134, Enter, UD, 30, Enter
H, 120, Enter, DD, 732, Period, UD, 612, Period, H, 113, Period, DD, 1065, KeyK, UD, 952, KeyK, H, 104, KeyK, DD, 150, Digit3, UD, 46, Digit3, H, 165, Digit3, DD, 559, KeyM, UD, 394, KeyM, H, 103, KeyM, DD, 286, KeyO, UD, 183, KeyO, H, 80, KeyO, DD, 133, KeyO, UD, 53, KeyO, H, 108, KeyO, DD, 758, KeyS, UD, 650, KeyS, H, 114, KeyS, DD, 181, KeyA, UD, 67, KeyA, H, 119, KeyA, DD, 122, KeyB, UD, 3, KeyB, H, 103, KeyB, DD, 130, KeyZ, UD, 27, KeyZ, H, 110, KeyZ, DD, 153, Enter, UD, 43, Enter
H, 112, Enter, DD, 422, Period, UD, 310, Period, H, 152, Period, DD, 303, KeyK, UD, 151, KeyK, H, 111, KeyK, DD, 166, Digit3, UD, 55, Digit3, H, 128, Digit3, DD, 161, KeyM, UD, 33, KeyM, H, 102, KeyM, DD, 282, KeyO, UD, 180, KeyO, H, 69, KeyO, DD, 138, KeyO, UD, 69, KeyO, H, 96, KeyO, DD, 166, KeyS, UD, 70, KeyS, H, 131, KeyS, DD, 139, KeyA, UD, 8, KeyA, H, 137, KeyA, DD, 160, KeyB, UD, 23, KeyB, H, 81, KeyB, DD, 99, KeyZ, UD, 18, KeyZ, H, 125, KeyZ, DD, 140, Enter, UD, 15, Enter
H, 111, Enter, DD, 1025, Period, UD, 914, Period, H, 104, Period, DD, 265, KeyK, UD, 161, KeyK, H, 107, KeyK, DD, 164, Digit3, UD, 57, Digit3, H, 114, Digit3, DD, 228, KeyM, UD, 114, KeyM, H, 97, KeyM, DD, 307, KeyO, UD, 210, KeyO, H, 71, KeyO, DD, 136, KeyO, UD, 65, KeyO, H, 107, KeyO, DD, 154, KeyS, UD, 47, KeyS, DD, 141, KeyA, UD, 188, KeyA, H, 12, KeyS, H, 141, KeyA, DD, 159, KeyB, UD, 18, KeyB, H, 104, KeyB, DD, 119, KeyZ, UD, 15, KeyZ, H, 129, KeyZ, DD, 143, Enter, UD, 14, Enter
H, 104, Enter, DD, 433, Period, UD, 329, Period, H, 172, Period, DD, 346, KeyK, UD, 174, KeyK, H, 108, KeyK, DD, 179, Digit3, UD, 71, Digit3, H, 114, Digit3, DD, 326, KeyM, UD, 212, KeyM, H, 113, KeyM, DD, 249, KeyO, UD, 136, KeyO, H, 82, KeyO, DD, 139, KeyO, UD, 57, KeyO, H, 87, KeyO, DD, 172, KeyS, UD, 85, KeyS, H, 128, KeyS, DD, 131, KeyA, UD, 3, KeyA, H, 142, KeyA, DD, 206, KeyB, UD, 64, KeyB, DD, 87, KeyZ, UD, 151, KeyZ, H, 6, KeyB, H, 140, KeyZ, DD, 154, Enter, UD, 14, Enter
H, 113, Enter, DD, 409, Period, UD, 296, Period, H, 151, Period, DD, 334, KeyK, UD, 183, KeyK, H, 116, KeyK, DD, 180, Digit3, UD, 64, Digit3, H, 121, Digit3, DD, 188, KeyM, UD, 67, KeyM, H, 111, KeyM, DD, 295, KeyO, UD, 184, KeyO, H, 76, KeyO, DD, 142, KeyO, UD, 66, KeyO, H, 105, KeyO, DD, 199, KeyS, UD, 94, KeyS, H, 110, KeyS, DD, 187, KeyA, UD, 77, KeyA, H, 149, KeyA, DD, 152, KeyB, UD, 3, KeyB, H, 121, KeyB, DD, 308, KeyZ, UD, 187, KeyZ, DD, 127, Enter, UD, 314, Enter
H, 19, KeyZ, H, 120, Enter, DD, 834, Period, UD, 714, Period, H, 92, Period, DD, 265, KeyK, UD, 173, KeyK, H, 79, KeyK, DD, 171, Digit3, UD, 92, Digit3, H, 120, Digit3, DD, 154, KeyM, UD, 34, KeyM, H, 100, KeyM, DD, 272, KeyO, UD, 172, KeyO, H, 77, KeyO, DD, 119, KeyO, UD, 42, KeyO, H, 113, KeyO, DD, 165, KeyS, UD, 52, KeyS, H, 124, KeyS, DD, 130, KeyA, UD, 6, KeyA, H, 151, KeyA, DD, 191, KeyB, UD, 40, KeyB, H, 84, KeyB, DD, 105, KeyZ, UD, 21, KeyZ, H, 121, KeyZ, DD, 169, Enter, UD, 48, Enter
H, 119, Enter, DD, 973, Period, UD, 854, Period, H, 102, Period, DD, 226, KeyK, UD, 124, KeyK, H, 87, KeyK, DD, 352, Digit3, UD, 265, Digit3, H, 109, Digit3, DD, 185, KeyM, UD, 76, KeyM, H, 101, KeyM, DD, 272, KeyO, UD, 171, KeyO, H, 81, KeyO, DD, 135, KeyO, UD, 54, KeyO, H, 97, KeyO, DD, 144, KeyS, UD, 47, KeyS, H, 105, KeyS, DD, 123, KeyA, UD, 18, KeyA, H, 151, KeyA, DD, 208, KeyB, UD, 57, KeyB, H, 77, KeyB, DD, 101, KeyZ, UD, 24, KeyZ, H, 123, KeyZ, DD, 139, Enter, UD, 16, Enter
H, 100, Enter, DD, 650, Period, UD, 550, Period, H, 126, Period, DD, 280, KeyK, UD, 154, KeyK, H, 128, KeyK, DD, 268, Digit3, UD, 140, Digit3, H, 114, Digit3, DD, 181, KeyM, UD, 67, KeyM, H, 93, KeyM, DD, 278, KeyO, UD, 185, KeyO, H, 83, KeyO, DD, 148, KeyO, UD, 65, KeyO, H, 90, KeyO, DD, 173, KeyS, UD, 83, KeyS, H, 109, KeyS, DD, 199, KeyA, UD, 90, KeyA, H, 108, KeyA, DD, 270, KeyB, UD, 162, KeyB, H, 86, KeyB, DD, 123, KeyZ, UD, 37, KeyZ, H, 114, KeyZ, DD, 141, Enter, UD, 27, Enter
H, 106, Enter, DD, 848, Period, UD, 742, Period, H, 94, Period, DD, 344, KeyK, UD, 250, KeyK, H, 134, KeyK, DD, 184, Digit3, UD, 50, Digit3, H, 110, Digit3, DD, 176, KeyM, UD, 66, KeyM, H, 111, KeyM, DD, 222, KeyO, UD, 111, KeyO, H, 99, KeyO, DD, 192, KeyO, UD, 93, KeyO, H, 89, KeyO, DD, 801, KeyS, UD, 712, KeyS, H, 130, KeyS, DD, 278, KeyA, UD, 148, KeyA, H, 108, KeyA, DD, 173, KeyN, UD, 65, KeyN, H, 131, KeyN, DD, 134, KeyZ, UD, 3, KeyZ, H, 120, KeyZ, DD, 192, Enter, UD, 72, Enter
H, 37, Enter, DD, 1052, Period, UD, 1015, Period, H, 131, Period, DD, 349, KeyK, UD, 218, KeyK, H, 113, KeyK, DD, 361, Digit3, UD, 248, Digit3, DD, 100, KeyM, UD, 348, KeyM, H, 19, Digit3, H, 104, KeyM, DD, 451, KeyO, UD, 347, KeyO, H, 69, KeyO, DD, 132, KeyO, UD, 63, KeyO, H, 102, KeyO, DD, 193, KeyS, UD, 91, KeyS, H, 115, KeyS, DD, 169, KeyA, UD, 54, KeyA, H, 115, KeyA, DD, 155, KeyB, UD, 40, KeyB, H, 77, KeyB, DD, 137, KeyZ, UD, 60, KeyZ, H, 138, KeyZ, DD, 222, Enter, UD, 84, Enter
H, 103, Enter, DD, 560, Period, UD, 457, Period, H, 119, Period, DD, 629, KeyK, UD, 510, KeyK, H, 97, KeyK, DD, 244, Digit3, UD, 147, Digit3, H, 121, Digit3, DD, 182, KeyM, UD, 61, KeyM, H, 101, KeyM, DD, 317, KeyO, UD, 216, KeyO, H, 74, KeyO, DD, 142, KeyO, UD, 68, KeyO, H, 91, KeyO, DD, 224, KeyS, UD, 133, KeyS, H, 114, KeyS, DD, 212, KeyA, UD, 98, KeyA, H, 104, KeyA, DD, 140, KeyB, UD, 36, KeyB, H, 89, KeyB, DD, 198, KeyZ, UD, 109, KeyZ, H, 138, KeyZ, DD, 214, Enter, UD, 76, Enter
H, 114, Enter, DD, 380, Period, UD, 266, Period, H, 118, Period, DD, 1140, KeyK, UD, 1022, KeyK, H, 122, KeyK, DD, 380, Digit3, UD, 258, Digit3, H, 114, Digit3, DD, 174, KeyM, UD, 60, KeyM, H, 113, KeyM, DD, 276, KeyO, UD, 163, KeyO, H, 110, KeyO, DD, 555, KeyO, UD, 445, KeyO, H, 72, KeyO, DD, 312, KeyS, UD, 240, KeyS, H, 130, KeyS, DD, 207, KeyA, UD, 77, KeyA, H, 113, KeyA, DD, 179, KeyB, UD, 66, KeyB, H, 163, KeyB, DD, 236, KeyZ, UD, 73, KeyZ, H, 129, KeyZ, DD, 187, Enter, UD, 58, Enter
H, 91, Enter, DD, 915, Slash, UD, 824, Slash, H, 122, Slash, DD, 839, Enter, UD, 717, Enter
H, 132, Enter, DD, 804, Period, UD, 672, Period, H, 104, Period, DD, 325, KeyK, UD, 221, KeyK, H, 108, KeyK, DD, 953, Digit3, UD, 845, Digit3, H, 124, Digit3, DD, 1126, KeyM, UD, 1002, KeyM, H, 95, KeyM, DD, 235, KeyO, UD, 140, KeyO, H, 85, KeyO, DD, 144, KeyO, UD, 59, KeyO, H, 110, KeyO, DD, 234, KeyS, UD, 124, KeyS, DD, 132, KeyA, UD, 256, KeyA, H, 42, KeyS, H, 175, KeyA, DD, 217, KeyB, UD, 42, KeyB, H, 124, KeyB, DD, 254, KeyZ, UD, 130, KeyZ, H, 129, KeyZ, DD, 150, Enter, UD, 21, Enter
H, 162, Enter, DD, 310, Period, UD, 148, Period, H, 134, Period, DD, 345, KeyK, UD, 211, KeyK, H, 143, KeyK, DD, 256, Digit3, UD, 113, Digit3, H, 99, Digit3, DD, 162, KeyM, UD, 63, KeyM, H, 143, KeyM, DD, 290, KeyO, UD, 147, KeyO, H, 88, KeyO, DD, 153, KeyO, UD, 65, KeyO, H, 95, KeyO, DD, 190, KeyS, UD, 95, KeyS, H, 135, KeyS, DD, 214, KeyA, UD, 79, KeyA, H, 119, KeyA, DD, 139, KeyB, UD, 20, KeyB, H, 95, KeyB, DD, 152, KeyZ, UD, 57, KeyZ, H, 119, KeyZ, DD, 164, Enter, UD, 45, Enter
H, 152, Enter, DD, 377, Period, UD, 225, Period, H, 117, Period, DD, 740, KeyK, UD, 623, KeyK, H, 137, KeyK, DD, 457, Digit3, UD, 320, Digit3, H, 114, Digit3, DD, 171, KeyM, UD, 57, KeyM, H, 126, KeyM, DD, 410, KeyO, UD, 284, KeyO, H, 128, KeyO, DD, 202, KeyO, UD, 74, KeyO, H, 69, KeyO, DD, 175, KeyS, UD, 106, KeyS, H, 130, KeyS, DD, 192, KeyA, UD, 62, KeyA, H, 141, KeyA, DD, 276, KeyB, UD, 135, KeyB, H, 103, KeyB, DD, 485, KeyZ, UD, 382, KeyZ, H, 136, KeyZ, DD, 646, Enter, UD, 510, Enter
H, 123, Enter, DD, 402, Period, UD, 279, Period, H, 205, Period, DD, 523, KeyK, UD, 318, KeyK, H, 129, KeyK, DD, 282, Digit3, UD, 153, Digit3, H, 113, Digit3, DD, 324, KeyM, UD, 211, KeyM, H, 109, KeyM, DD, 252, KeyO, UD, 143, KeyO, H, 93, KeyO, DD, 156, KeyO, UD, 63, KeyO, H, 101, KeyO, DD, 178, KeyS, UD, 77, KeyS, H, 133, KeyS, DD, 193, KeyA, UD, 60, KeyA, H, 134, KeyA, DD, 179, KeyB, UD, 45, KeyB, H, 105, KeyB, DD, 548, KeyZ, UD, 443, KeyZ, H, 142, KeyZ, DD, 187, Enter, UD, 45, Enter
H, 131, Enter, DD, 537, Period, UD, 406, Period, H, 188, Period, DD, 553, KeyK, UD, 365, KeyK, H, 145, KeyK, DD, 329, Digit3, UD, 184, Digit3, H, 139, Digit3, DD, 192, KeyM, UD, 53, KeyM, H, 124, KeyM, DD, 305, KeyO, UD, 181, KeyO, H, 75, KeyO, DD, 146, KeyO, UD, 71, KeyO, H, 109, KeyO, DD, 259, KeyS, UD, 150, KeyS, H, 123, KeyS, DD, 213, KeyA, UD, 90, KeyA, H, 123, KeyA, DD, 280, KeyB, UD, 157, KeyB, H, 107, KeyB, DD, 178, KeyZ, UD, 71, KeyZ, H, 97, KeyZ, DD, 164, Enter, UD, 67, Enter
H, 129, Enter, DD, 405, Period, UD, 276, Period, H, 152, Period, DD, 780, KeyK, UD, 628, KeyK, H, 146, KeyK, DD, 277, Digit3, UD, 131, Digit3, H, 110, Digit3, DD, 129, KeyM, UD, 19, KeyM, H, 133, KeyM, DD, 318, KeyO, UD, 185, KeyO, H, 73, KeyO, DD, 151, KeyO, UD, 78, KeyO, H, 118, KeyO, DD, 238, KeyS, UD, 120, KeyS, H, 133, KeyS, DD, 238, KeyA, UD, 105, KeyA, H, 131, KeyA, DD, 156, KeyB, UD, 25, KeyB, H, 80, KeyB, DD, 225, KeyZ, UD, 145, KeyZ, H, 142, KeyZ, DD, 670, Enter, UD, 528, Enter
H, 123, Enter, DD, 511, Period, UD, 388, Period, H, 120, Period, DD, 333, KeyK, UD, 213, KeyK, H, 95, KeyK, DD, 343, Digit3, UD, 248, Digit3, H, 107, Digit3, DD, 190, KeyM, UD, 83, KeyM, H, 99, KeyM, DD, 306, KeyO, UD, 207, KeyO, H, 69, KeyO, DD, 137, KeyO, UD, 68, KeyO, H, 110, KeyO, DD, 195, KeyS, UD, 85, KeyS, H, 129, KeyS, DD, 233, KeyA, UD, 104, KeyA, H, 127, KeyA, DD, 179, KeyB, UD, 52, KeyB, H, 96, KeyB, DD, 178, KeyZ, UD, 82, KeyZ, H, 138, KeyZ, DD, 203, Enter, UD, 65, Enter
H, 109, Enter, DD, 317, Period, UD, 208, Period, H, 115, Period, DD, 380, KeyK, UD, 265, KeyK, H, 108, KeyK, DD, 214, Digit3, UD, 106, Digit3, H, 125, Digit3, DD, 173, KeyM, UD, 48, KeyM, H, 106, KeyM, DD, 305, KeyO, UD, 199, KeyO, H, 87, KeyO, DD, 174, KeyO, UD, 87, KeyO, H, 91, KeyO, DD, 225, KeyS, UD, 134, KeyS, H, 120, KeyS, DD, 272, KeyA, UD, 152, KeyA, H, 118, KeyA, DD, 167, KeyB, UD, 49, KeyB, H, 89, KeyB, DD, 180, KeyZ, UD, 91, KeyZ, H, 123, KeyZ, DD, 197, Enter, UD, 74, Enter
H, 157, Enter, DD, 345, Period, UD, 188, Period, H, 155, Period, DD, 486, KeyK, UD, 331, KeyK, H, 118, KeyK, DD, 448, Digit3, UD, 330, Digit3, H, 119, Digit3, DD, 249, KeyM, UD, 130, KeyM, H, 117, KeyM, DD, 274, KeyO, UD, 157, KeyO, H, 82, KeyO, DD, 156, KeyO, UD, 74, KeyO, H, 111, KeyO, DD, 260, KeyS, UD, 149, KeyS, H, 130, KeyS, DD, 237, KeyA, UD, 107, KeyA, H, 121, KeyA, DD, 526, KeyB, UD, 405, KeyB, H, 166, KeyB, DD, 177, KeyZ, UD, 11, KeyZ, H, 120, KeyZ, DD, 187, Enter, UD, 67, Enter
H, 130, Enter, DD, 634, Period, UD, 504, Period, H, 127, Period, DD, 315, KeyK, UD, 188, KeyK, H, 109, KeyK, DD, 241, Digit3, UD, 132, Digit3, H, 94, Digit3, DD, 141, KeyM, UD, 47, KeyM, H, 112, KeyM, DD, 307, KeyO, UD, 195, KeyO, H, 72, KeyO, DD, 147, KeyO, UD, 75, KeyO, H, 91, KeyO, DD, 186, KeyS, UD, 95, KeyS, H, 128, KeyS, DD, 202, KeyA, UD, 74, KeyA, H, 124, KeyA, DD, 184, KeyB, UD, 60, KeyB, H, 97, KeyB, DD, 141, KeyZ, UD, 44, KeyZ, H, 130, KeyZ, DD, 222, Enter, UD, 92, Enter
H, 136, Enter, DD, 302, Period, UD, 166, Period, H, 157, Period, DD, 327, KeyK, UD, 170, KeyK, H, 129, KeyK, DD, 236, Digit3, UD, 107, Digit3, H, 114, Digit3, DD, 165, KeyM, UD, 51, KeyM, H, 120, KeyM, DD, 311, KeyO, UD, 191, KeyO, H, 74, KeyO, DD, 149, KeyO, UD, 75, KeyO, H, 93, KeyO, DD, 224, KeyS, UD, 131, KeyS, H, 123, KeyS, DD, 224, KeyA, UD, 101, KeyA, H, 138, KeyA, DD, 199, KeyB, UD, 61, KeyB, H, 106, KeyB, DD, 176, KeyZ, UD, 70, KeyZ, H, 138, KeyZ, DD, 195, Enter, UD, 57, Enter
H, 142, Enter, DD, 360, Period, UD, 218, Period, H, 120, Period, DD, 282, KeyK, UD, 162, KeyK, H, 128, KeyK, DD, 212, Digit3, UD, 84, Digit3, H, 120, Digit3, DD, 238, KeyM, UD, 118, KeyM, H, 101, KeyM, DD, 272, KeyO, UD, 171, KeyO, H, 85, KeyO, DD, 644, KeyO, UD, 559, KeyO, H, 77, KeyO, DD, 236, KeyS, UD, 159, KeyS, H, 124, KeyS, DD, 228, KeyA, UD, 104, KeyA, H, 130, KeyA, DD, 187, KeyB, UD, 57, KeyB, H, 105, KeyB, DD, 289, KeyZ, UD, 184, KeyZ, H, 171, KeyZ, DD, 177, Enter, UD, 6, Enter
H, 148, Enter, DD, 580, Period, UD, 432, Period, H, 133, Period, DD, 282, KeyK, UD, 149, KeyK, H, 108, KeyK, DD, 187, Digit3, UD, 79, Digit3, H, 86, Digit3, DD, 150, KeyM, UD, 64, KeyM, H, 95, KeyM, DD, 286, KeyO, UD, 191, KeyO, H, 76, KeyO, DD, 153, KeyO, UD, 77, KeyO, H, 111, KeyO, DD, 191, KeyS, UD, 80, KeyS, H, 134, KeyS, DD, 215, KeyA, UD, 81, KeyA, H, 119, KeyA, DD, 187, KeyB, UD, 68, KeyB, H, 94, KeyB, DD, 175, KeyZ, UD, 81, KeyZ, H, 126, KeyZ, DD, 187, Enter, UD, 61, Enter
H, 134, Enter, DD, 338, Period, UD, 204, Period, H, 109, Period, DD, 278, KeyK, UD, 169, KeyK, H, 115, KeyK, DD, 150, Digit3, UD, 35, Digit3, H, 109, Digit3, DD, 244, KeyM, UD, 135, KeyM, H, 106, KeyM, DD, 262, KeyO, UD, 156, KeyO, H, 89, KeyO, DD, 153, KeyO, UD, 64, KeyO, H, 96, KeyO, DD, 153, KeyS, UD, 57, KeyS, H, 125, KeyS, DD, 218, KeyA, UD, 93, KeyA, H, 116, KeyA, DD, 169, KeyB, UD, 53, KeyB, H, 87, KeyB, DD, 160, KeyZ, UD, 73, KeyZ, H, 127, KeyZ, DD, 203, Enter, UD, 76, Enter
H, 118, Enter, DD, 665, Period, UD, 547, Period, H, 147, Period, DD, 362, KeyK, UD, 215, KeyK, H, 126, KeyK, DD, 180, Digit3, UD, 54, Digit3, H, 114, Digit3, DD, 146, KeyM, UD, 32, KeyM, H, 109, KeyM, DD, 359, KeyO, UD, 250, KeyO, H, 81, KeyO, DD, 153, KeyO, UD, 72, KeyO, H, 112, KeyO, DD, 225, KeyS, UD, 113, KeyS, H, 142, KeyS, DD, 267, KeyA, UD, 125, KeyA, H, 130, KeyA, DD, 267, KeyB, UD, 137, KeyB, H, 103, KeyB, DD, 221, KeyZ, UD, 118, KeyZ, H, 103, KeyZ, DD, 242, Enter, UD, 139, Enter
H, 127, Enter, DD, 395, Period, UD, 268, Period, H, 124, Period, DD, 856, KeyK, UD, 732, KeyK, H, 124, KeyK, DD, 197, Digit3, UD, 73, Digit3, H, 110, Digit3, DD, 933, KeyM, UD, 823, KeyM, H, 124, KeyM, DD, 390, KeyO, UD, 266, KeyO, H, 96, KeyO, DD, 144, KeyO, UD, 48, KeyO, H, 123, KeyO, DD, 384, KeyS, UD, 261, KeyS, H, 100, KeyS, DD, 211, KeyA, UD, 111, KeyA, H, 89, KeyA, DD, 745, KeyB, UD, 656, KeyB, H, 120, KeyB, DD, 167, KeyZ, UD, 47, KeyZ, H, 129, KeyZ, DD, 229, Enter, UD, 100, Enter
H, 130, Enter, DD, 774, Period, UD, 644, Period, H, 134, Period, DD, 320, KeyK, UD, 186, KeyK, H, 126, KeyK, DD, 272, Digit3, UD, 146, Digit3, H, 120, Digit3, DD, 140, KeyM, UD, 20, KeyM, H, 123, KeyM, DD, 356, KeyO, UD, 233, KeyO, H, 75, KeyO, DD, 152, KeyO, UD, 77, KeyO, H, 120, KeyO, DD, 193, KeyS, UD, 73, KeyS, H, 147, KeyS, DD, 217, KeyA, UD, 70, KeyA, H, 132, KeyA, DD, 191, KeyB, UD, 59, KeyB, H, 102, KeyB, DD, 133, KeyZ, UD, 31, KeyZ, H, 136, KeyZ, DD, 169, Enter, UD, 33, Enter
H, 134, Enter, DD, 703, Period, UD, 569, Period, H, 150, Period, DD, 325, KeyK, UD, 175, KeyK, H, 113, KeyK, DD, 209, Digit3, UD, 96, Digit3, H, 113, Digit3, DD, 153, KeyM, UD, 40, KeyM, H, 113, KeyM, DD, 253, KeyO, UD, 140, KeyO, H, 97, KeyO, DD, 261, KeyO, UD, 164, KeyO, H, 97, KeyO, DD, 200, KeyS, UD, 103, KeyS, H, 106, KeyS, DD, 1566, KeyA, UD, 1460, KeyA, H, 111, KeyA, DD, 178, KeyB, UD, 67, KeyB, H, 97, KeyB, DD, 100, KeyZ, UD, 3, KeyZ, H, 103, KeyZ, DD, 178, Enter, UD, 75, Enter
H, 97, Enter, DD, 880, Period, UD, 783, Period, H, 103, Period, DD, 240, KeyK, UD, 137, KeyK, H, 85, KeyK, DD, 203, Digit3, UD, 118, Digit3, H, 113, Digit3, DD, 192, KeyM, UD, 79, KeyM, H, 103, KeyM, DD, 266, KeyO, UD, 163, KeyO, H, 91, KeyO, DD, 180, KeyO, UD, 89, KeyO, H, 104, KeyO, DD, 178, KeyS, UD, 74, KeyS, H, 123, KeyS, DD, 244, KeyA, UD, 121, KeyA, H, 101, KeyA, DD, 225, KeyB, UD, 124, KeyB, H, 91, KeyB, DD, 144, KeyZ, UD, 53, KeyZ, H, 120, KeyZ, DD, 172, Enter, UD, 52, Enter
H, 95, Enter, DD, 855, Period, UD, 760, Period, H, 108, Period, DD, 257, KeyK, UD, 149, KeyK, H, 87, KeyK, DD, 221, Digit3, UD, 134, Digit3, H, 119, Digit3, DD, 127, KeyM, UD, 8, KeyM, H, 118, KeyM, DD, 291, KeyO, UD, 173, KeyO, H, 85, KeyO, DD, 197, KeyO, UD, 112, KeyO, H, 99, KeyO, DD, 895, KeyS, UD, 796, KeyS, H, 108, KeyS, DD, 412, KeyA, UD, 304, KeyA, H, 129, KeyA, DD, 179, KeyB, UD, 50, KeyB, H, 90, KeyB, DD, 165, KeyZ, UD, 75, KeyZ, H, 121, KeyZ, DD, 147, Enter, UD, 26, Enter
H, 113, Enter, DD, 442, Period, UD, 329, Period, H, 183, Period, DD, 418, KeyK, UD, 235, KeyK, H, 112, KeyK, DD, 170, Digit3, UD, 58, Digit3, H, 109, Digit3, DD, 162, KeyM, UD, 53, KeyM, H, 123, KeyM, DD, 676, KeyS, UD, 553, KeyS, H, 114, KeyS, DD, 448, KeyO, UD, 334, KeyO, H, 97, KeyO, DD, 235, KeyO, UD, 138, KeyO, H, 162, KeyO, DD, 1972, KeyA, UD, 1810, KeyA, H, 110, KeyA, DD, 332, KeyB, UD, 222, KeyB, H, 85, KeyB, DD, 120, KeyZ, UD, 35, KeyZ, H, 130, KeyZ, DD, 174, Enter, UD, 44, Enter
H, 91, Enter, DD, 915, Period, UD, 824, Period, H, 110, Period, DD, 364, KeyK, UD, 254, KeyK, H, 118, KeyK, DD, 829, Digit3, UD, 711, Digit3, H, 120, Digit3, DD, 554, KeyM, UD, 434, KeyM, H, 114, KeyM, DD, 360, KeyO, UD, 246, KeyO, H, 96, KeyO, DD, 164, KeyO, UD, 68, KeyO, H, 92, KeyO, DD, 155, KeyS, UD, 63, KeyS, H, 139, KeyS, DD, 226, KeyA, UD, 87, KeyA, H, 134, KeyA, DD, 251, KeyZ, UD, 117, KeyZ, H, 118, KeyZ, DD, 919, Enter, UD, 801, Enter
H, 86, Enter, DD, 2331, Enter, UD, 2245, Enter
H, 155, Enter, DD, 375, Period, UD, 220, Period, H, 132, Period, DD, 291, KeyK, UD, 159, KeyK, H, 89, KeyK, DD, 124, Digit3, UD, 35, Digit3, H, 110, Digit3, DD, 302, KeyM, UD, 192, KeyM, H, 97, KeyM, DD, 163, KeyM, UD, 66, KeyM, H, 95, KeyM, DD, 1479, Enter, UD, 1384, Enter
H, 114, Enter, DD, 701, Period, UD, 587, Period, H, 95, Period, DD, 258, KeyK, UD, 163, KeyK, H, 97, KeyK, DD, 1201, Digit3, UD, 1104, Digit3, H, 101, Digit3, DD, 810, KeyM, UD, 709, KeyM, H, 89, KeyM, DD, 353, KeyO, UD, 264, KeyO, H, 80, KeyO, DD, 140, KeyO, UD, 60, KeyO, H, 135, KeyO, DD, 295, KeyS, UD, 160, KeyS, H, 115, KeyS, DD, 192, KeyA, UD, 77, KeyA, H, 114, KeyA, DD, 260, KeyB, UD, 146, KeyB, H, 143, KeyB, DD, 400, KeyZ, UD, 257, KeyZ, H, 146, KeyZ, DD, 622, Enter, UD, 476, Enter
H, 118, Enter, DD, 5358, Period, UD, 5240, Period, H, 77, Period, DD, 1383, KeyK, UD, 1306, KeyK, H, 152, KeyK, DD, 276, Digit3, UD, 124, Digit3, H, 108, Digit3, DD, 187, KeyM, UD, 79, KeyM, H, 117, KeyM, DD, 251, KeyO, UD, 134, KeyO, H, 105, KeyO, DD, 166, KeyO, UD, 61, KeyO, H, 100, KeyO, DD, 188, KeyS, UD, 88, KeyS, H, 107, KeyS, DD, 133, KeyA, UD, 26, KeyA, H, 133, KeyA, DD, 158, KeyB, UD, 25, KeyB, H, 69, KeyB, DD, 93, KeyZ, UD, 24, KeyZ, H, 105, KeyZ, DD, 148, Enter, UD, 43, Enter
H, 119, Enter, DD, 650, Period, UD, 531, Period, H, 132, Period, DD, 370, KeyK, UD, 238, KeyK, H, 106, KeyK, DD, 294, Digit3, UD, 188, Digit3, H, 104, Digit3, DD, 248, KeyM, UD, 144, KeyM, H, 120, KeyM, DD, 298, KeyO, UD, 178, KeyO, H, 71, KeyO, DD, 131, KeyO, UD, 60, KeyO, H, 95, KeyO, DD, 188, KeyS, UD, 93, KeyS, H, 119, KeyS, DD, 189, KeyA, UD, 70, KeyA, H, 127, KeyA, DD, 134, KeyB, UD, 7, KeyB, H, 69, KeyB, DD, 173, KeyZ, UD, 104, KeyZ, H, 107, KeyZ, DD, 150, Enter, UD, 43, Enter
H, 119, Enter, DD, 338, Period, UD, 219, Period, H, 119, Period, DD, 465, KeyK, UD, 346, KeyK, H, 87, KeyK, DD, 152, Digit3, UD, 65, Digit3, H, 114, Digit3, DD, 152, KeyM, UD, 38, KeyM, H, 128, KeyM, DD, 384, KeyO, UD, 256, KeyO, H, 88, KeyO, DD, 147, KeyO, UD, 59, KeyO, H, 97, KeyO, DD, 478, KeyS, UD, 381, KeyS, H, 94, KeyS, DD, 199, KeyA, UD, 105, KeyA, H, 91, KeyA, DD, 133, KeyB, UD, 42, KeyB, H, 87, KeyB, DD, 131, KeyZ, UD, 44, KeyZ, H, 116, KeyZ, DD, 139, Enter, UD, 23, Enter
H, 103, Enter, DD, 771, Period, UD, 668, Period, H, 110, Period, DD, 319, KeyK, UD, 209, KeyK, H, 100, KeyK, DD, 201, Digit3, UD, 101, Digit3, H, 120, Digit3, DD, 171, KeyM, UD, 51, KeyM, H, 100, KeyM, DD, 306, KeyO, UD, 206, KeyO, H, 82, KeyO, DD, 145, KeyO, UD, 63, KeyO, H, 100, KeyO, DD, 178, KeyS, UD, 78, KeyS, H, 140, KeyS, DD, 201, KeyA, UD, 61, KeyA, H, 102, KeyA, DD, 145, KeyB, UD, 43, KeyB, H, 76, KeyB, DD, 123, KeyZ, UD, 47, KeyZ, H, 78, KeyZ, DD, 135, Enter, UD, 57, Enter
H, 105, Enter, DD, 728, Period, UD, 623, Period, H, 117, Period, DD, 905, KeyK, UD, 788, KeyK, H, 80, KeyK, DD, 149, Digit3, UD, 69, Digit3, H, 107, Digit3, DD, 140, KeyM, UD, 33, KeyM, H, 91, KeyM, DD, 304, KeyO, UD, 213, KeyO, H, 79, KeyO, DD, 141, KeyO, UD, 62, KeyO, H, 95, KeyO, DD, 237, KeyS, UD, 142, KeyS, H, 109, KeyS, DD, 212, KeyA, UD, 103, KeyA, H, 88, KeyA, DD, 127, KeyB, UD, 39, KeyB, H, 88, KeyB, DD, 122, KeyZ, UD, 34, KeyZ, H, 114, KeyZ, DD, 178, Enter, UD, 64, Enter
H, 114, Enter, DD, 858, Period, UD, 744, Period, H, 102, Period, DD, 251, KeyK, UD, 149, KeyK, H, 98, KeyK, DD, 1973, Digit2, UD, 1875, Digit2, H, 94, Digit2, DD, 201, KeyM, UD, 107, KeyM, H, 148, KeyM, DD, 946, Enter, UD, 798, Enter
H, 94, Enter, DD, 352, Period, UD, 258, Period, H, 119, Period, DD, 638, KeyK, UD, 519, KeyK, H, 114, KeyK, DD, 147, Digit3, UD, 33, Digit3, H, 114, Digit3, DD, 139, KeyM, UD, 25, KeyM, H, 99, KeyM, DD, 183, KeyM, UD, 84, KeyM, H, 99, KeyM, DD, 238, KeyO, UD, 139, KeyO, H, 66, KeyO, DD, 126, KeyS, UD, 60, KeyS, H, 138, KeyS, DD, 243, KeyA, UD, 105, KeyA, H, 120, KeyA, DD, 436, KeyB, UD, 316, KeyB, H, 95, KeyB, DD, 134, KeyZ, UD, 39, KeyZ, H, 99, KeyZ, DD, 182, Enter, UD, 83, Enter
H, 153, Enter, DD, 284, Period, UD, 131, Period, H, 132, Period, DD, 278, KeyK, UD, 146, KeyK, H, 97, KeyK, DD, 167, Digit3, UD, 70, Digit3, H, 120, Digit3, DD, 279, KeyM, UD, 159, KeyM, H, 138, KeyM, DD, 248, KeyO, UD, 110, KeyO, H, 92, KeyO, DD, 171, KeyO, UD, 79, KeyO, H, 94, KeyO, DD, 173, KeyS, UD, 79, KeyS, H, 139, KeyS, DD, 252, KeyA, UD, 113, KeyA, H, 101, KeyA, DD, 467, KeyB, UD, 366, KeyB, DD, 137, KeyZ, UD, 503, KeyZ, H, 18, KeyB, H, 115, KeyZ, DD, 187, Enter, UD, 72, Enter
H, 135, Enter, DD, 394, Period, UD, 259, Period, H, 112, Period, DD, 442, KeyK, UD, 330, KeyK, H, 139, KeyK, DD, 191, Digit3, UD, 52, Digit3, H, 120, Digit3, DD, 200, KeyM, UD, 80, KeyM, H, 120, KeyM, DD, 484, KeyO, UD, 364, KeyO, H, 86, KeyO, DD, 180, KeyO, UD, 94, KeyO, H, 73, KeyO, DD, 246, KeyS, UD, 173, KeyS, H, 94, KeyS, DD, 472, KeyA, UD, 378, KeyA, H, 125, KeyA, DD, 415, KeyB, UD, 290, KeyB, DD, 127, KeyZ, UD, 417, KeyZ, H, 44, KeyB, H, 113, KeyZ, DD, 168, Enter, UD, 55, Enter
H, 164, Enter, DD, 486, Period, UD, 322, Period, H, 122, Period, DD, 294, KeyK, UD, 172, KeyK, H, 136, KeyK, DD, 180, Digit3, UD, 44, Digit3, H, 115, Digit3, DD, 167, KeyM, UD, 52, KeyM, H, 91, KeyM, DD, 273, KeyO, UD, 182, KeyO, H, 73, KeyO, DD, 167, KeyO, UD, 94, KeyO, H, 74, KeyO, DD, 1430, KeyS, UD, 1356, KeyS, H, 129, KeyS, DD, 264, KeyA, UD, 135, KeyA, H, 89, KeyA, DD, 167, KeyB, UD, 78, KeyB, H, 86, KeyB, DD, 92, KeyZ, UD, 6, KeyZ, H, 118, KeyZ, DD, 169, Enter, UD, 51, Enter
H, 127, Enter, DD, 609, Period, UD, 482, Period, H, 130, Period, DD, 499, KeyK, UD, 369, KeyK, H, 132, KeyK, DD, 295, Digit3, UD, 163, Digit3, H, 118, Digit3, DD, 159, KeyM, UD, 41, KeyM, H, 111, KeyM, DD, 342, KeyO, UD, 231, KeyO, H, 95, KeyO, DD, 1089, KeyO, UD, 994, KeyO, H, 82, KeyO, DD, 273, KeyS, UD, 191, KeyS, H, 108, KeyS, DD, 243, KeyA, UD, 135, KeyA, H, 115, KeyA, DD, 198, KeyB, UD, 83, KeyB, H, 82, KeyB, DD, 133, KeyZ, UD, 51, KeyZ, H, 120, KeyZ, DD, 183, Enter, UD, 63, Enter
H, 89, Enter, DD, 636, Period, UD, 547, Period, H, 164, Period, DD, 435, KeyK, UD, 271, KeyK, H, 107, KeyK, DD, 214, Digit3, UD, 107, Digit3, H, 114, Digit3, DD, 232, KeyM, UD, 118, KeyM, H, 98, KeyM, DD, 224, KeyO, UD, 126, KeyO, H, 100, KeyO, DD, 217, KeyS, UD, 117, KeyS, H, 116, KeyS, DD, 1199, Enter, UD, 1083, Enter
H, 137, Enter, DD, 1320, Period, UD, 1183, Period, H, 133, Period, DD, 266, KeyK, UD, 133, KeyK, H, 88, KeyK, DD, 241, Digit3, UD, 153, Digit3, H, 114, Digit3, DD, 138, KeyM, UD, 24, KeyM, H, 107, KeyM, DD, 297, KeyO, UD, 190, KeyO, H, 76, KeyO, DD, 134, KeyO, UD, 58, KeyO, H, 110, KeyO, DD, 1234, KeyS, UD, 1124, KeyS, H, 120, KeyS, DD, 252, KeyA, UD, 132, KeyA, H, 110, KeyA, DD, 193, KeyB, UD, 83, KeyB, H, 87, KeyB, DD, 211, KeyZ, UD, 124, KeyZ, H, 109, KeyZ, DD, 114, Enter, UD, 5, Enter
H, 160, Enter, DD, 677, Period, UD, 517, Period, H, 109, Period, DD, 326, KeyK, UD, 217, KeyK, H, 86, KeyK, DD, 288, Digit3, UD, 202, Digit3, H, 110, Digit3, DD, 1079, KeyM, UD, 969, KeyM, H, 116, KeyM, DD, 281, KeyO, UD, 165, KeyO, H, 89, KeyO, DD, 150, KeyO, UD, 61, KeyO, H, 95, KeyO, DD, 319, KeyS, UD, 224, KeyS, H, 95, KeyS, DD, 198, KeyA, UD, 103, KeyA, H, 110, KeyA, DD, 141, KeyB, UD, 31, KeyB, H, 83, KeyB, DD, 142, KeyZ, UD, 59, KeyZ, H, 96, KeyZ, DD, 156, Enter, UD, 60, Enter
H, 142, Enter, DD, 563, Period, UD, 421, Period, H, 129, Period, DD, 853, KeyK, UD, 724, KeyK, H, 95, KeyK, DD, 205, Digit3, UD, 110, Digit3, H, 114, Digit3, DD, 183, KeyM, UD, 69, KeyM, H, 103, KeyM, DD, 521, KeyO, UD, 418, KeyO, H, 76, KeyO, DD, 143, KeyO, UD, 67, KeyO, H, 111, KeyO, DD, 235, KeyS, UD, 124, KeyS, H, 111, KeyS, DD, 211, KeyA, UD, 100, KeyA, H, 115, KeyA, DD, 139, KeyB, UD, 24, KeyB, H, 109, KeyB, DD, 142, KeyZ, UD, 33, KeyZ, H, 110, KeyZ, DD, 161, Enter, UD, 51, Enter
H, 130, Enter, DD, 614, Period, UD, 484, Period, H, 119, Period, DD, 999, KeyK, UD, 880, KeyK, H, 95, KeyK, DD, 825, Digit3, UD, 730, Digit3, H, 106, Digit3, DD, 219, KeyM, UD, 113, KeyM, H, 101, KeyM, DD, 327, KeyO, UD, 226, KeyO, H, 71, KeyO, DD, 130, KeyO, UD, 59, KeyO, H, 102, KeyO, DD, 190, KeyS, UD, 88, KeyS, H, 107, KeyS, DD, 119, KeyA, UD, 12, KeyA, H, 162, KeyA, DD, 175, KeyB, UD, 13, KeyB, H, 79, KeyB, DD, 1701, KeyZ, UD, 1622, KeyZ, H, 120, KeyZ, DD, 163, Enter, UD, 43, Enter
H, 125, Enter, DD, 552, Period, UD, 427, Period, H, 123, Period, DD, 1649, KeyK, UD, 1526, KeyK, DD, 101, Digit3, UD, 1627, Digit3, H, 8, KeyK, H, 120, Digit3, DD, 722, KeyM, UD, 602, KeyM, H, 101, KeyM, DD, 462, KeyO, UD, 361, KeyO, H, 95, KeyO, DD, 604, KeyO, UD, 509, KeyO, H, 91, KeyO, DD, 1379, KeyS, UD, 1288, KeyS, H, 96, KeyS, DD, 212, KeyA, UD, 116, KeyA, H, 117, KeyA, DD, 657, KeyB, UD, 540, KeyB, H, 106, KeyB, DD, 112, KeyZ, UD, 6, KeyZ, H, 104, KeyZ, DD, 196, Enter, UD, 92, Enter
H, 147, Enter, DD, 1987, Period, UD, 1840, Period, H, 140, Period, DD, 2385, KeyK, UD, 2245, KeyK, H, 120, KeyK, DD, 809, Digit3, UD, 689, Digit3, DD, 130, KeyM, UD, 819, KeyM, H, 8, Digit3, H, 121, KeyM, DD, 293, KeyO, UD, 172, KeyO, H, 89, KeyO, DD, 180, KeyO, UD, 91, KeyO, H, 88, KeyO, DD, 620, KeyS, UD, 532, KeyS, H, 93, KeyS, DD, 199, KeyA, UD, 106, KeyA, H, 95, KeyA, DD, 257, KeyB, UD, 162, KeyB, DD, 116, KeyZ, UD, 278, KeyZ, H, 40, KeyB, DD, 126, Enter, UD, 86, Enter
H, 10, KeyZ, H, 130, Enter, DD, 1065, Period, UD, 935, Period, H, 91, Period, DD, 234, KeyK, UD, 143, KeyK, H, 109, KeyK, DD, 456, Digit3, UD, 347, Digit3, H, 113, Digit3, DD, 208, KeyM, UD, 95, KeyM, H, 109, KeyM, DD, 349, KeyO, UD, 240, KeyO, H, 83, KeyO, DD, 138, KeyO, UD, 55, KeyO, H, 114, KeyO, DD, 314, KeyS, UD, 200, KeyS, H, 110, KeyS, DD, 188, KeyA, UD, 78, KeyA, H, 120, KeyA, DD, 190, KeyB, UD, 70, KeyB, H, 84, KeyB, DD, 106, KeyZ, UD, 22, KeyZ, H, 114, KeyZ, DD, 152, Enter, UD, 38, Enter
H, 99, Enter, DD, 876, Period, UD, 777, Period, H, 98, Period, DD, 502, KeyK, UD, 404, KeyK, H, 99, KeyK, DD, 314, Digit2, UD, 215, Digit2, H, 96, Digit2, DD, 739, Enter, UD, 643, Enter
H, 123, Enter, DD, 679, Period, UD, 556, Period, H, 97, Period, DD, 651, KeyK, UD, 554, KeyK, H, 76, KeyK, DD, 352, Digit3, UD, 276, Digit3, H, 124, Digit3, DD, 156, KeyM, UD, 32, KeyM, H, 90, KeyM, DD, 305, KeyO, UD, 215, KeyO, H, 70, KeyO, DD, 133, KeyO, UD, 63, KeyO, H, 115, KeyO, DD, 598, KeyS, UD, 483, KeyS, H, 113, KeyS, DD, 383, KeyA, UD, 270, KeyA, H, 114, KeyA, DD, 279, KeyV, UD, 165, KeyV, H, 100, KeyV, DD, 1840, Backspace, UD, 1740, Backspace, H, 114, Backspace, DD, 145, KeyB, UD, 31, KeyB, DD, 65, KeyZ, UD, 96, KeyZ, H, 82, KeyB, H, 144, KeyZ, DD, 173, Enter, UD, 29, Enter
H, 131, Enter, DD, 511, Period, UD, 380, Period, H, 139, Period, DD, 276, KeyK, UD, 137, KeyK, DD, 143, Digit3, UD, 280, Digit3, H, 10, KeyK, H, 119, Digit3, DD, 136, KeyM, UD, 17, KeyM, H, 113, KeyM, DD, 275, KeyO, UD, 162, KeyO, H, 91, KeyO, DD, 163, KeyO, UD, 72, KeyO, H, 91, KeyO, DD, 245, KeyS, UD, 154, KeyS, H, 97, KeyS, DD, 172, KeyA, UD, 75, KeyA, H, 114, KeyA, DD, 317, KeyB, UD, 203, KeyB, H, 89, KeyB, DD, 106, KeyZ, UD, 17, KeyZ, H, 123, KeyZ, DD, 173, Enter, UD, 50, Enter
H, 103, Enter, DD, 375, Period, UD, 272, Period, H, 148, Period, DD, 325, KeyK, UD, 177, KeyK, H, 132, KeyK, DD, 355, Digit3, UD, 223, Digit3, H, 95, Digit3, DD, 415, KeyM, UD, 320, KeyM, H, 101, KeyM, DD, 261, KeyO, UD, 160, KeyO, H, 74, KeyO, DD, 130, KeyO, UD, 56, KeyO, H, 105, KeyO, DD, 193, KeyS, UD, 88, KeyS, H, 140, KeyS, DD, 208, KeyA, UD, 68, KeyA, H, 126, KeyA, DD, 142, KeyB, UD, 16, KeyB, H, 89, KeyB, DD, 148, KeyZ, UD, 59, KeyZ, H, 98, KeyZ, DD, 165, Enter, UD, 67, Enter
H, 131, Enter, DD, 322, Period, UD, 191, Period, H, 123, Period, DD, 331, KeyK, UD, 208, KeyK, H, 119, KeyK, DD, 562, Digit3, UD, 443, Digit3, H, 112, Digit3, DD, 174, KeyM, UD, 62, KeyM, H, 102, KeyM, DD, 279, KeyO, UD, 177, KeyO, H, 82, KeyO, DD, 163, KeyO, UD, 81, KeyO, H, 86, KeyO, DD, 1721, KeyS, UD, 1635, KeyS, H, 92, KeyS, DD, 282, KeyA, UD, 190, KeyA, H, 99, KeyA, DD, 182, KeyB, UD, 83, KeyB, H, 73, KeyB, DD, 84, KeyZ, UD, 11, KeyZ, H, 105, KeyZ, DD, 180, Enter, UD, 75, Enter
H, 113, Enter, DD, 1021, Period, UD, 908, Period, H, 92, Period, DD, 263, KeyK, UD, 171, KeyK, H, 89, KeyK, DD, 222, Digit3, UD, 133, Digit3, H, 99, Digit3, DD, 171, KeyM, UD, 72, KeyM, H, 57, KeyM, DD, 992, KeyO, UD, 935, KeyO, H, 89, KeyO, DD, 162, KeyO, UD, 73, KeyO, H, 89, KeyO, DD, 642, KeyS, UD, 553, KeyS, H, 100, KeyS, DD, 230, KeyA, UD, 130, KeyA, H, 107, KeyA, DD, 173, KeyB, UD, 66, KeyB, H, 91, KeyB, DD, 142, KeyZ, UD, 51, KeyZ, H, 126, KeyZ, DD, 159, Enter, UD, 33, Enter
H, 126, Enter, DD, 799, Period, UD, 673, Period, H, 105, Period, DD, 902, KeyK, UD, 797, KeyK, H, 102, KeyK, DD, 159, Digit3, UD, 57, Digit3, H, 97, Digit3, DD, 142, KeyM, UD, 45, KeyM, H, 82, KeyM, DD, 305, KeyO, UD, 223, KeyO, H, 67, KeyO, DD, 147, KeyO, UD, 80, KeyO, H, 93, KeyO, DD, 254, KeyS, UD, 161, KeyS, H, 125, KeyS, DD, 260, KeyA, UD, 135, KeyA, H, 114, KeyA, DD, 181, KeyB, UD, 67, KeyB, H, 103, KeyB, DD, 245, KeyZ, UD, 142, KeyZ, H, 152, KeyZ, DD, 308, Enter, UD, 156, Enter
H, 152, Enter, DD, 580, Period, UD, 428, Period, H, 145, Period, DD, 280, KeyK, UD, 135, KeyK, H, 131, KeyK, DD, 274, Digit3, UD, 143, Digit3, H, 85, Digit3, DD, 233, KeyM, UD, 148, KeyM, H, 121, KeyM, DD, 353, KeyO, UD, 232, KeyO, H, 90, KeyO, DD, 179, KeyO, UD, 89, KeyO, H, 76, KeyO, DD, 1092, KeyS, UD, 1016, KeyS, H, 109, KeyS, DD, 237, KeyA, UD, 128, KeyA, H, 103, KeyA, DD, 274, KeyB, UD, 171, KeyB, H, 92, KeyB, DD, 720, KeyZ, UD, 628, KeyZ, H, 116, KeyZ, DD, 810, Enter, UD, 694, Enter
H, 125, Enter, DD, 335, Period, UD, 210, Period, H, 125, Period, DD, 294, KeyK, UD, 169, KeyK, H, 113, KeyK, DD, 339, Digit3, UD, 226, Digit3, H, 82, Digit3, DD, 1051, KeyM, UD, 969, KeyM, H, 110, KeyM, DD, 299, KeyO, UD, 189, KeyO, H, 80, KeyO, DD, 145, KeyO, UD, 65, KeyO, H, 91, KeyO, DD, 216, KeyS, UD, 125, KeyS, H, 94, KeyS, DD, 219, KeyA, UD, 125, KeyA, H, 99, KeyA, DD, 138, KeyB, UD, 39, KeyB, DD, 110, KeyZ, UD, 149, KeyZ, H, 7, KeyB, H, 124, KeyZ, DD, 185, Enter, UD, 61, Enter
H, 100, Enter, DD, 1280, Period, UD, 1180, Period, H, 152, Period, DD, 441, KeyK, UD, 289, KeyK, H, 132, KeyK, DD, 285, Digit3, UD, 153, Digit3, H, 127, Digit3, DD, 614, KeyM, UD, 487, KeyM, H, 113, KeyM, DD, 466, KeyO, UD, 353, KeyO, H, 89, KeyO, DD, 170, KeyO, UD, 81, KeyO, H, 81, KeyO, DD, 842, KeyS, UD, 761, KeyS, H, 117, KeyS, DD, 232, KeyA, UD, 115, KeyA, H, 88, KeyA, DD, 145, KeyB, UD, 57, KeyB, H, 97, KeyB, DD, 126, KeyZ, UD, 29, KeyZ, H, 94, KeyZ, DD, 147, Enter, UD, 53, Enter
H, 124, Enter, DD, 293, Period, UD, 169, Period, H, 97, Period, DD, 371, KeyK, UD, 274, KeyK, H, 128, KeyK, DD, 301, Digit3, UD, 173, Digit3, H, 122, Digit3, DD, 294, KeyM, UD, 172, KeyM, H, 114, KeyM, DD, 543, KeyO, UD, 429, KeyO, H, 113, KeyO, DD, 843, KeyO, UD, 730, KeyO, H, 86, KeyO, DD, 187, KeyS, UD, 101, KeyS, H, 117, KeyS, DD, 177, KeyA, UD, 60, KeyA, H, 119, KeyA, DD, 170, KeyB, UD, 51, KeyB, H, 102, KeyB, DD, 105, KeyZ, UD, 3, KeyZ, H, 135, KeyZ, DD, 178, Enter, UD, 43, Enter
H, 132, Enter, DD, 478, Period, UD, 346, Period, H, 136, Period, DD, 318, KeyK, UD, 182, KeyK, H, 99, KeyK, DD, 358, Digit3, UD, 259, Digit3, H, 108, Digit3, DD, 148, KeyM, UD, 40, KeyM, H, 104, KeyM, DD, 321, KeyO, UD, 217, KeyO, H, 70, KeyO, DD, 138, KeyO, UD, 68, KeyO, H, 106, KeyO, DD, 232, KeyS, UD, 126, KeyS, H, 155, KeyS, DD, 262, KeyA, UD, 107, KeyA, H, 115, KeyA, DD, 155, KeyB, UD, 40, KeyB, H, 95, KeyB, DD, 134, KeyZ, UD, 39, KeyZ, H, 110, KeyZ, DD, 143, Enter, UD, 33, Enter
H, 110, Enter, DD, 629, Period, UD, 519, Period, H, 113, Period, DD, 627, KeyK, UD, 514, KeyK, H, 97, KeyK, DD, 241, Digit3, UD, 144, Digit3, H, 113, Digit3, DD, 184, KeyM, UD, 71, KeyM, H, 96, KeyM, DD, 416, KeyO, UD, 320, KeyO, H, 84, KeyO, DD, 149, KeyO, UD, 65, KeyO, H, 94, KeyO, DD, 262, KeyS, UD, 168, KeyS, H, 86, KeyS, DD, 202, KeyA, UD, 116, KeyA, H, 99, KeyA, DD, 217, KeyB, UD, 118, KeyB, H, 81, KeyB, DD, 301, KeyZ, UD, 220, KeyZ, H, 114, KeyZ, DD, 153, Enter, UD, 39, Enter
H, 132, Enter, DD, 777, Period, UD, 645, Period, H, 122, Period, DD, 271, KeyK, UD, 149, KeyK, H, 119, KeyK, DD, 382, Digit3, UD, 263, Digit3, H, 113, Digit3, DD, 489, KeyM, UD, 376, KeyM, H, 113, KeyM, DD, 310, KeyO, UD, 197, KeyO, H, 77, KeyO, DD, 139, KeyO, UD, 62, KeyO, H, 109, KeyO, DD, 207, KeyS, UD, 98, KeyS, H, 108, KeyS, DD, 214, KeyA, UD, 106, KeyA, H, 102, KeyA, DD, 824, KeyB, UD, 722, KeyB, DD, 79, KeyZ, UD, 801, KeyZ, H, 56, KeyB, H, 162, KeyZ, DD, 502, Enter, UD, 340, Enter
H, 91, Enter, DD, 421, Period, UD, 330, Period, H, 134, Period, DD, 378, KeyK, UD, 244, KeyK, H, 102, KeyK, DD, 185, Digit3, UD, 83, Digit3, H, 114, Digit3, DD, 138, KeyM, UD, 24, KeyM, H, 109, KeyM, DD, 303, KeyO, UD, 194, KeyO, H, 76, KeyO, DD, 137, KeyO, UD, 61, KeyO, H, 107, KeyO, DD, 234, KeyS, UD, 127, KeyS, H, 91, KeyS, DD, 182, KeyA, UD, 91, KeyA, H, 93, KeyA, DD, 142, KeyB, UD, 49, KeyB, H, 78, KeyB, DD, 348, KeyZ, UD, 270, KeyZ, H, 109, KeyZ, DD, 138, Enter, UD, 29, Enter
H, 104, Enter, DD, 554, Period, UD, 450, Period, H, 124, Period, DD, 273, KeyK, UD, 149, KeyK, H, 106, KeyK, DD, 153, Digit3, UD, 47, Digit3, H, 114, Digit3, DD, 273, KeyM, UD, 159, KeyM, H, 120, KeyM, DD, 744, KeyO, UD, 624, KeyO, H, 69, KeyO, DD, 134, KeyO, UD, 65, KeyO, H, 102, KeyO, DD, 420, KeyS, UD, 318, KeyS, H, 141, KeyS, DD, 266, KeyA, UD, 125, KeyA, H, 122, KeyA, DD, 678, KeyB, UD, 556, KeyB, H, 109, KeyB, DD, 150, KeyZ, UD, 41, KeyZ, H, 114, KeyZ, DD, 136, Enter, UD, 22, Enter
H, 119, Enter, DD, 385, Period, UD, 266, Period, H, 130, Period, DD, 420, KeyK, UD, 290, KeyK, H, 119, KeyK, DD, 395, Digit3, UD, 276, Digit3, H, 132, Digit3, DD, 182, KeyM, UD, 50, KeyM, H, 121, KeyM, DD, 596, KeyO, UD, 475, KeyO, H, 75, KeyO, DD, 138, KeyO, UD, 63, KeyO, H, 125, KeyO, DD, 256, KeyS, UD, 131, KeyS, H, 120, KeyS, DD, 307, KeyA, UD, 187, KeyA, H, 86, KeyA, DD, 473, KeyB, UD, 387, KeyB, H, 78, KeyB, DD, 97, KeyZ, UD, 19, KeyZ, H, 124, KeyZ, DD, 178, Enter, UD, 54, Enter
H, 108, Enter, DD, 727, Period, UD, 619, Period, H, 122, Period, DD, 264, KeyK, UD, 142, KeyK, H, 100, KeyK, DD, 151, Digit3, UD, 51, Digit3, H, 107, Digit3, DD, 134, KeyM, UD, 27, KeyM, H, 97, KeyM, DD, 386, KeyO, UD, 289, KeyO, H, 92, KeyO, DD, 169, KeyO, UD, 77, KeyO, H, 90, KeyO, DD, 201, KeyS, UD, 111, KeyS, H, 124, KeyS, DD, 393, KeyA, UD, 269, KeyA, H, 115, KeyA, DD, 213, KeyB, UD, 98, KeyB, H, 105, KeyB, DD, 172, KeyZ, UD, 67, KeyZ, H, 140, KeyZ, DD, 236, Enter, UD, 96, Enter
H, 129, Enter, DD, 464, Period, UD, 335, Period, H, 137, Period, DD, 280, KeyK, UD, 143, KeyK, H, 114, KeyK, DD, 175, Digit3, UD, 61, Digit3, H, 103, Digit3, DD, 153, KeyM, UD, 50, KeyM, H, 123, KeyM, DD, 302, KeyO, UD, 179, KeyO, H, 91, KeyO, DD, 165, KeyO, UD, 74, KeyO, H, 102, KeyO, DD, 243, KeyS, UD, 141, KeyS, H, 124, KeyS, DD, 245, KeyA, UD, 121, KeyA, H, 111, KeyA, DD, 135, KeyB, UD, 24, KeyB, H, 90, KeyB, DD, 132, KeyZ, UD, 42, KeyZ, H, 124, KeyZ, DD, 131, Enter, UD, 7, Enter
H, 128, Enter, DD, 774, Period, UD, 646, Period, H, 105, Period, DD, 250, KeyK, UD, 145, KeyK, H, 97, KeyK, DD, 352, Digit3, UD, 255, Digit3, H, 110, Digit3, DD, 128, KeyM, UD, 18, KeyM, H, 113, KeyM, DD, 280, KeyO, UD, 167, KeyO, H, 91, KeyO, DD, 161, KeyO, UD, 70, KeyO, H, 120, KeyO, DD, 169, KeyS, UD, 49, KeyS, H, 129, KeyS, DD, 229, KeyA, UD, 100, KeyA, H, 121, KeyA, DD, 136, KeyB, UD, 15, KeyB, H, 106, KeyB, DD, 144, KeyZ, UD, 38, KeyZ, H, 120, KeyZ, DD, 139, Enter, UD, 19, Enter
H, 142, Enter, DD, 585, Period, UD, 443, Period, H, 113, Period, DD, 282, KeyK, UD, 169, KeyK, H, 114, KeyK, DD, 212, Digit3, UD, 98, Digit3, H, 114, Digit3, DD, 126, KeyM, UD, 12, KeyM, H, 91, KeyM, DD, 349, KeyO, UD, 258, KeyO, H, 113, KeyO, DD, 189, KeyO, UD, 76, KeyO, H, 106, KeyO, DD, 332, KeyS, UD, 226, KeyS, H, 103, KeyS, DD, 235, KeyA, UD, 132, KeyA, H, 97, KeyA, DD, 185, KeyB, UD, 88, KeyB, H, 97, KeyB, DD, 191, KeyZ, UD, 94, KeyZ, H, 119, KeyZ, DD, 221, Enter, UD, 102, Enter
H, 113, Enter, DD, 408, Period, UD, 295, Period, H, 161, Period, DD, 362, KeyK, UD, 201, KeyK, H, 105, KeyK, DD, 194, Digit3, UD, 89, Digit3, H, 115, Digit3, DD, 768, KeyM, UD, 653, KeyM, H, 120, KeyM, DD, 286, KeyO, UD, 166, KeyO, H, 81, KeyO, DD, 152, KeyO, UD, 71, KeyO, H, 116, KeyO, DD, 505, KeyS, UD, 389, KeyS, H, 97, KeyS, DD, 242, KeyA, UD, 145, KeyA, H, 98, KeyA, DD, 190, KeyB, UD, 92, KeyB, H, 82, KeyB, DD, 87, KeyZ, UD, 5, KeyZ, H, 111, KeyZ, DD, 175, Enter, UD, 64, Enter
H, 100, Enter, DD, 413, Period, UD, 313, Period, H, 154, Period, DD, 293, KeyK, UD, 139, KeyK, H, 99, KeyK, DD, 177, Digit3, UD, 78, Digit3, H, 101, Digit3, DD, 129, KeyM, UD, 28, KeyM, H, 107, KeyM, DD, 298, KeyO, UD, 191, KeyO, H, 81, KeyO, DD, 140, KeyO, UD, 59, KeyO, H, 119, KeyO, DD, 213, KeyS, UD, 94, KeyS, H, 100, KeyS, DD, 200, KeyA, UD, 100, KeyA, H, 96, KeyA, DD, 151, KeyB, UD, 55, KeyB, H, 82, KeyB, DD, 118, KeyZ, UD, 36, KeyZ, H, 106, KeyZ, DD, 146, Enter, UD, 40, Enter
H, 109, Enter, DD, 426, Comma, UD, 317, Comma, H, 100, Comma, DD, 1204, Enter, UD, 1104, Enter
H, 113, Enter, DD, 308, Period, UD, 195, Period, H, 144, Period, DD, 889, KeyK, UD, 745, KeyK, H, 94, KeyK, DD, 139, Digit3, UD, 45, Digit3, H, 114, Digit3, DD, 133, KeyM, UD, 19, KeyM, H, 96, KeyM, DD, 305, KeyO, UD, 209, KeyO, H, 87, KeyO, DD, 144, KeyO, UD, 57, KeyO, H, 97, KeyO, DD, 385, KeyS, UD, 288, KeyS, H, 110, KeyS, DD, 213, KeyA, UD, 103, KeyA, H, 112, KeyA, DD, 193, KeyB, UD, 81, KeyB, H, 90, KeyB, DD, 136, KeyZ, UD, 46, KeyZ, H, 104, KeyZ, DD, 117, Enter, UD, 13, Enter
H, 88, Enter, DD, 1294, Period, UD, 1206, Period, H, 97, Period, DD, 1103, KeyK, UD, 1006, KeyK, H, 107, KeyK, DD, 1802, Digit3, UD, 1695, Digit3, H, 120, Digit3, DD, 314, KeyM, UD, 194, KeyM, H, 114, KeyM, DD, 306, KeyO, UD, 192, KeyO, H, 83, KeyO, DD, 131, KeyO, UD, 48, KeyO, H, 113, KeyO, DD, 181, KeyS, UD, 68, KeyS, H, 109, KeyS, DD, 194, KeyA, UD, 85, KeyA, H, 106, KeyA, DD, 175, KeyB, UD, 69, KeyB, DD, 104, KeyZ, UD, 173, KeyZ, H, 6, KeyB, H, 91, KeyZ, DD, 337, Enter, UD, 246, Enter
H, 101, Enter, DD, 960, Period, UD, 859, Period, H, 101, Period, DD, 533, KeyK, UD, 432, KeyK, H, 81, KeyK, DD, 149, Digit3, UD, 68, Digit3, H, 106, Digit3, DD, 668, KeyM, UD, 562, KeyM, H, 82, KeyM, DD, 277, KeyO, UD, 195, KeyO, H, 78, KeyO, DD, 142, KeyO, UD, 64, KeyO, H, 104, KeyO, DD, 159, KeyS, UD, 55, KeyS, H, 129, KeyS, DD, 203, KeyA, UD, 74, KeyA, H, 123, KeyA, DD, 205, KeyB, UD, 82, KeyB, H, 86, KeyB, DD, 136, KeyZ, UD, 50, KeyZ, H, 137, KeyZ, DD, 158, Enter, UD, 21, Enter
H, 113, Enter, DD, 828, Period, UD, 715, Period, H, 110, Period, DD, 1401, KeyK, UD, 1291, KeyK, H, 104, KeyK, DD, 140, Digit3, UD, 36, Digit3, H, 117, Digit3, DD, 215, KeyM, UD, 98, KeyM, H, 94, KeyM, DD, 378, KeyO, UD, 284, KeyO, H, 81, KeyO, DD, 135, KeyO, UD, 54, KeyO, H, 114, KeyO, DD, 326, KeyS, UD, 212, KeyS, H, 122, KeyS, DD, 176, KeyA, UD, 54, KeyA, H, 130, KeyA, DD, 174, KeyB, UD, 44, KeyB, H, 108, KeyB, DD, 384, KeyZ, UD, 276, KeyZ, H, 130, KeyZ, DD, 161, Enter, UD, 31, Enter
H, 160, Enter, DD, 1180, Period, UD, 1020, Period, H, 118, Period, DD, 1449, KeyK, UD, 1331, KeyK, H, 85, KeyK, DD, 1025, Digit3, UD, 940, Digit3, H, 114, Digit3, DD, 160, KeyM, UD, 46, KeyM, H, 103, KeyM, DD, 303, KeyO, UD, 200, KeyO, H, 77, KeyO, DD, 131, KeyO, UD, 54, KeyO, H, 103, KeyO, DD, 166, KeyS, UD, 63, KeyS, H, 113, KeyS, DD, 181, KeyA, UD, 68, KeyA, H, 116, KeyA, DD, 148, KeyB, UD, 32, KeyB, H, 86, KeyB, DD, 164, KeyZ, UD, 78, KeyZ, DD, 116, Enter, UD, 194, Enter
H, 6, KeyZ, H, 110, Enter, DD, 1023, Period, UD, 913, Period, H, 118, Period, DD, 947, KeyK, UD, 829, KeyK, H, 96, KeyK, DD, 111, Digit3, UD, 15, Digit3, H, 113, Digit3, DD, 133, KeyM, UD, 20, KeyM, H, 91, KeyM, DD, 286, KeyO, UD, 195, KeyO, H, 75, KeyO, DD, 126, KeyO, UD, 51, KeyO, H, 113, KeyO, DD, 174, KeyS, UD, 61, KeyS, H, 129, KeyS, DD, 164, KeyA, UD, 35, KeyA, H, 138, KeyA, DD, 175, KeyB, UD, 37, KeyB, H, 95, KeyB, DD, 115, KeyZ, UD, 20, KeyZ, H, 125, KeyZ, DD, 153, Enter, UD, 28, Enter
H, 115, Enter, DD, 738, Period, UD, 623, Period, H, 124, Period, DD, 382, KeyK, UD, 258, KeyK, H, 105, KeyK, DD, 284, Digit3, UD, 179, Digit3, H, 97, Digit3, DD, 328, KeyM, UD, 231, KeyM, H, 110, KeyM, DD, 368, KeyO, UD, 258, KeyO, H, 88, KeyO, DD, 155, KeyO, UD, 67, KeyO, H, 110, KeyO, DD, 1520, KeyS, UD, 1410, KeyS, H, 111, KeyS, DD, 165, KeyA, UD, 54, KeyA, H, 123, KeyA, DD, 162, KeyB, UD, 39, KeyB, H, 96, KeyB, DD, 119, KeyZ, UD, 23, KeyZ, H, 112, KeyZ, DD, 152, Enter, UD, 40, Enter
H, 96, Enter, DD, 832, Period, UD, 736, Period, H, 148, Period, DD, 416, KeyK, UD, 268, KeyK, H, 141, KeyK, DD, 238, Digit3, UD, 97, Digit3, H, 107, Digit3, DD, 634, KeyM, UD, 527, KeyM, H, 122, KeyM, DD, 218, KeyO, UD, 96, KeyO, H, 96, KeyO, DD, 756, KeyO, UD, 660, KeyO, H, 76, KeyO, DD, 214, KeyS, UD, 138, KeyS, H, 134, KeyS, DD, 261, KeyA, UD, 127, KeyA, H, 118, KeyA, DD, 159, KeyB, UD, 41, KeyB, DD, 104, KeyZ, UD, 145, KeyZ, H, 8, KeyB, H, 131, KeyZ, DD, 603, Enter, UD, 472, Enter
H, 117, Enter, DD, 763, Period, UD, 646, Period, H, 114, Period, DD, 275, KeyK, UD, 161, KeyK, H, 118, KeyK, DD, 183, Digit3, UD, 65, Digit3, H, 110, Digit3, DD, 186, KeyM, UD, 76, KeyM, H, 111, KeyM, DD, 298, KeyO, UD, 187, KeyO, H, 77, KeyO, DD, 141, KeyO, UD, 64, KeyO, H, 90, KeyO, DD, 553, KeyS, UD, 463, KeyS, H, 117, KeyS, DD, 191, KeyA, UD, 74, KeyA, H, 124, KeyA, DD, 196, KeyB, UD, 72, KeyB, H, 124, KeyB, DD, 149, KeyZ, UD, 25, KeyZ, H, 135, KeyZ, DD, 163, Enter, UD, 28, Enter
H, 109, Enter, DD, 831, Period, UD, 722, Period, H, 119, Period, DD, 395, KeyK, UD, 276, KeyK, H, 94, KeyK, DD, 201, Digit3, UD, 107, Digit3, H, 112, Digit3, DD, 140, KeyM, UD, 28, KeyM, H, 94, KeyM, DD, 569, KeyO, UD, 475, KeyO, H, 103, KeyO, DD, 173, KeyO, UD, 70, KeyO, H, 106, KeyO, DD, 402, KeyS, UD, 296, KeyS, H, 120, KeyS, DD, 258, KeyA, UD, 138, KeyA, H, 124, KeyA, DD, 173, KeyB, UD, 49, KeyB, H, 86, KeyB, DD, 106, KeyZ, UD, 20, KeyZ, H, 94, KeyZ, DD, 171, Enter, UD, 77, Enter
H, 115, Enter, DD, 690, Period, UD, 575, Period, H, 101, Period, DD, 780, KeyK, UD, 679, KeyK, H, 102, KeyK, DD, 155, Digit3, UD, 53, Digit3, H, 102, Digit3, DD, 163, KeyM, UD, 61, KeyM, H, 104, KeyM, DD, 551, KeyO, UD, 447, KeyO, H, 70, KeyO, DD, 145, KeyO, UD, 75, KeyO, H, 91, KeyO, DD, 335, KeyS, UD, 244, KeyS, H, 86, KeyS, DD, 298, KeyA, UD, 212, KeyA, H, 97, KeyA, DD, 259, KeyB, UD, 162, KeyB, H, 116, KeyB, DD, 189, KeyZ, UD, 73, KeyZ, H, 115, KeyZ, DD, 144, Enter, UD, 29, Enter
H, 135, Enter, DD, 586, Period, UD, 451, Period, H, 132, Period, DD, 595, KeyK, UD, 463, KeyK, H, 118, KeyK, DD, 336, Digit3, UD, 218, Digit3, H, 105, Digit3, DD, 194, KeyM, UD, 89, KeyM, H, 82, KeyM, DD, 325, KeyO, UD, 243, KeyO, H, 70, KeyO, DD, 136, KeyO, UD, 66, KeyO, H, 111, KeyO, DD, 211, KeyS, UD, 100, KeyS, H, 140, KeyS, DD, 228, KeyA, UD, 88, KeyA, H, 98, KeyA, DD, 164, KeyB, UD, 66, KeyB, H, 99, KeyB, DD, 122, KeyZ, UD, 23, KeyZ, H, 122, KeyZ, DD, 181, Enter, UD, 59, Enter
H, 137, Enter, DD, 573, Period, UD, 436, Period, H, 139, Period, DD, 382, KeyK, UD, 243, KeyK, H, 107, KeyK, DD, 281, Digit3, UD, 174, Digit3, H, 119, Digit3, DD, 223, KeyM, UD, 104, KeyM, H, 121, KeyM, DD, 470, KeyO, UD, 349, KeyO, H, 80, KeyO, DD, 141, KeyO, UD, 61, KeyO, H, 105, KeyO, DD, 337, KeyS, UD, 232, KeyS, H, 94, KeyS, DD, 211, KeyA, UD, 117, KeyA, H, 105, KeyA, DD, 234, KeyB, UD, 129, KeyB, H, 93, KeyB, DD, 145, KeyZ, UD, 52, KeyZ, H, 114, KeyZ, DD, 190, Enter, UD, 76, Enter
H, 157, Enter, DD, 363, Period, UD, 206, Period, H, 118, Period, DD, 377, KeyK, UD, 259, KeyK, H, 115, KeyK, DD, 264, Digit3, UD, 149, Digit3, H, 124, Digit3, DD, 504, KeyM, UD, 380, KeyM, H, 116, KeyM, DD, 862, KeyO, UD, 746, KeyO, H, 86, KeyO, DD, 150, KeyO, UD, 64, KeyO, H, 102, KeyO, DD, 597, KeyS, UD, 495, KeyS, H, 105, KeyS, DD, 833, KeyA, UD, 728, KeyA, H, 109, KeyA, DD, 378, KeyB, UD, 269, KeyB, H, 77, KeyB, DD, 117, KeyZ, UD, 40, KeyZ, H, 98, KeyZ, DD, 533, Enter, UD, 435, Enter
H, 98, Enter, DD, 280, Period, UD, 182, Period, H, 92, Period, DD, 840, KeyK, UD, 748, KeyK, H, 103, KeyK, DD, 274, Digit3, UD, 171, Digit3, H, 103, Digit3, DD, 139, KeyM, UD, 36, KeyM, H, 119, KeyM, DD, 324, KeyO, UD, 205, KeyO, H, 76, KeyO, DD, 143, KeyO, UD, 67, KeyO, H, 97, KeyO, DD, 154, KeyS, UD, 57, KeyS, H, 119, KeyS, DD, 192, KeyA, UD, 73, KeyA, H, 111, KeyA, DD, 142, KeyB, UD, 31, KeyB, H, 96, KeyB, DD, 107, KeyZ, UD, 11, KeyZ, H, 106, KeyZ, DD, 170, Enter, UD, 64, Enter
H, 113, Enter, DD, 644, Period, UD, 531, Period, H, 98, Period, DD, 331, KeyK, UD, 233, KeyK, H, 83, KeyK, DD, 1955, Digit3, UD, 1872, Digit3, H, 81, Digit3, DD, 429, KeyM, UD, 348, KeyM, H, 96, KeyM, DD, 262, KeyO, UD, 166, KeyO, H, 73, KeyO, DD, 118, KeyO, UD, 45, KeyO, H, 104, KeyO, DD, 159, KeyS, UD, 55, KeyS, H, 132, KeyS, DD, 207, KeyA, UD, 75, KeyA, H, 126, KeyA, DD, 149, KeyB, UD, 23, KeyB, H, 87, KeyB, DD, 121, KeyZ, UD, 34, KeyZ, H, 102, KeyZ, DD, 125, Enter, UD, 23, Enter
H, 105, Enter, DD, 600, Period, UD, 495, Period, H, 154, Period, DD, 275, KeyK, UD, 121, KeyK, H, 96, KeyK, DD, 183, Digit3, UD, 87, Digit3, H, 103, Digit3, DD, 183, KeyM, UD, 80, KeyM, H, 138, KeyM, DD, 319, KeyO, UD, 181, KeyO, H, 86, KeyO, DD, 151, KeyO, UD, 65, KeyO, H, 103, KeyO, DD, 187, KeyS, UD, 84, KeyS, H, 110, KeyS, DD, 194, KeyA, UD, 84, KeyA, H, 111, KeyA, DD, 200, KeyB, UD, 89, KeyB, H, 91, KeyB, DD, 108, KeyZ, UD, 17, KeyZ, H, 121, KeyZ, DD, 181, Enter, UD, 60, Enter
H, 98, Enter, DD, 614, Period, UD, 516, Period, H, 146, Period, DD, 329, KeyK, UD, 183, KeyK, H, 135, KeyK, DD, 805, Digit3, UD, 670, Digit3, H, 121, Digit3, DD, 446, KeyM, UD, 325, KeyM, H, 125, KeyM, DD, 433, KeyO, UD, 308, KeyO, H, 105, KeyO, DD, 939, KeyO, UD, 834, KeyO, H, 105, KeyO, DD, 143, KeyS, UD, 38, KeyS, H, 110, KeyS, DD, 672, KeyA, UD, 562, KeyA, H, 90, KeyA, DD, 139, KeyB, UD, 49, KeyB, H, 69, KeyB, DD, 98, KeyZ, UD, 29, KeyZ, H, 119, KeyZ, DD, 169, Enter, UD, 50, Enter
H, 97, Enter, DD, 585, Period, UD, 488, Period, H, 124, Period, DD, 337, KeyK, UD, 213, KeyK, H, 138, KeyK, DD, 1330, Digit3, UD, 1192, Digit3, H, 122, Digit3, DD, 128, KeyM, UD, 6, KeyM, H, 101, KeyM, DD, 317, KeyO, UD, 216, KeyO, H, 70, KeyO, DD, 120, KeyO, UD, 50, KeyO, H, 100, KeyO, DD, 263, KeyS, UD, 163, KeyS, H, 111, KeyS, DD, 143, KeyA, UD, 32, KeyA, H, 128, KeyA, DD, 157, KeyB, UD, 29, KeyB, H, 81, KeyB, DD, 300, KeyZ, UD, 219, KeyZ, H, 121, KeyZ, DD, 147, Enter, UD, 26, Enter
H, 116, Enter, DD, 415, Period, UD, 299, Period, H, 147, Period, DD, 305, KeyK, UD, 158, KeyK, H, 124, KeyK, DD, 544, Digit3, UD, 420, Digit3, H, 94, Digit3, DD, 182, KeyM, UD, 88, KeyM, H, 97, KeyM, DD, 271, KeyO, UD, 174, KeyO, H, 79, KeyO, DD, 134, KeyO, UD, 55, KeyO, H, 95, KeyO, DD, 422, KeyS, UD, 327, KeyS, H, 108, KeyS, DD, 181, KeyA, UD, 73, KeyA, H, 129, KeyA, DD, 174, KeyB, UD, 45, KeyB, H, 97, KeyB, DD, 880, KeyZ, UD, 783, KeyZ, H, 89, KeyZ, DD, 101, Enter, UD, 12, Enter
H, 111, Enter, DD, 530, Period, UD, 419, Period, H, 126, Period, DD, 370, KeyK, UD, 244, KeyK, H, 96, KeyK, DD, 228, Digit3, UD, 132, Digit3, H, 125, Digit3, DD, 163, Digit3, UD, 38, Digit3, H, 122, Digit3, DD, 141, KeyM, UD, 19, KeyM, H, 140, KeyM, DD, 741, Enter, UD, 601, Enter
H, 109, Enter, DD, 288, KeyM, UD, 179, KeyM, H, 94, KeyM, DD, 718, Digit3, UD, 624, Digit3, H, 96, Digit3, DD, 1228, Backspace, UD, 1132, Backspace, H, 63, Backspace, DD, 227, Backspace, UD, 164, Backspace, H, 80, Backspace, DD, 153, Backspace, UD, 73, Backspace, H, 102, Backspace, DD, 157, Backspace, UD, 55, Backspace, H, 139, Backspace, DD, 318, Enter, UD, 179, Enter
H, 104, Enter, DD, 266, Period, UD, 162, Period, H, 114, Period, DD, 1072, KeyK, UD, 958, KeyK, H, 102, KeyK, DD, 611, KeyE, UD, 509, KeyE, DD, 57, KeyY, UD, 566, KeyY, H, 29, KeyE, H, 129, KeyY, DD, 1112, Enter, UD, 983, Enter
H, 76, Enter, DD, 323, Period, UD, 247, Period, H, 121, Period, DD, 869, Digit3, UD, 748, Digit3, DD, 99, KeyM, UD, 847, KeyM, H, 5, Digit3, H, 98, KeyM, DD, 332, KeyO, UD, 234, KeyO, H, 73, KeyO, DD, 128, KeyO, UD, 55, KeyO, H, 100, KeyO, DD, 497, KeyS, UD, 397, KeyS, H, 101, KeyS, DD, 174, KeyA, UD, 73, KeyA, H, 109, KeyA, DD, 189, KeyB, UD, 80, KeyB, DD, 98, KeyZ, UD, 178, KeyZ, H, 8, KeyB, H, 100, KeyZ, DD, 165, Enter, UD, 65, Enter
H, 101, Enter, DD, 790, Period, UD, 689, Period, H, 104, Period, DD, 434, KeyK, UD, 330, KeyK, H, 96, KeyK, DD, 304, Digit3, UD, 208, Digit3, H, 103, Digit3, DD, 116, KeyM, UD, 13, KeyM, H, 97, KeyM, DD, 297, KeyO, UD, 200, KeyO, H, 69, KeyO, DD, 120, KeyO, UD, 51, KeyO, H, 101, KeyO, DD, 157, KeyS, UD, 56, KeyS, H, 110, KeyS, DD, 130, KeyA, UD, 20, KeyA, H, 122, KeyA, DD, 201, KeyB, UD, 79, KeyB, DD, 69, KeyZ, UD, 148, KeyZ, H, 5, KeyB, H, 107, KeyZ, DD, 193, Enter, UD, 86, Enter
H, 92, Enter, DD, 266, Period, UD, 174, Period, H, 114, Period, DD, 294, KeyK, UD, 180, KeyK, H, 100, KeyK, DD, 255, Digit3, UD, 155, Digit3, H, 101, Digit3, DD, 268, KeyM, UD, 167, KeyM, H, 107, KeyM, DD, 336, KeyO, UD, 229, KeyO, H, 80, KeyO, DD, 141, KeyO, UD, 61, KeyO, H, 96, KeyO, DD, 206, KeyS, UD, 110, KeyS, H, 133, KeyS, DD, 292, KeyA, UD, 159, KeyA, H, 114, KeyA, DD, 228, KeyB, UD, 114, KeyB, H, 82, KeyB, DD, 133, KeyZ, UD, 51, KeyZ, H, 124, KeyZ, DD, 177, Enter, UD, 53, Enter
H, 103, Enter, DD, 374, Period, UD, 271, Period, H, 144, Period, DD, 481, KeyK, UD, 337, KeyK, H, 117, KeyK, DD, 345, Digit3, UD, 228, Digit3, H, 101, Digit3, DD, 198, KeyM, UD, 97, KeyM, H, 111, KeyM, DD, 357, KeyO, UD, 246, KeyO, H, 91, KeyO, DD, 161, KeyO, UD, 70, KeyO, H, 114, KeyO, DD, 231, KeyS, UD, 117, KeyS, H, 162, KeyS, DD, 240, KeyA, UD, 78, KeyA, H, 128, KeyA, DD, 573, KeyB, UD, 445, KeyB, H, 97, KeyB, DD, 107, KeyZ, UD, 10, KeyZ, H, 124, KeyZ, DD, 180, Enter, UD, 56, Enter
H, 112, Enter, DD, 280, Period, UD, 168, Period, H, 122, Period, DD, 292, KeyK, UD, 170, KeyK, H, 86, KeyK, DD, 271, Digit3, UD, 185, Digit3, H, 92, Digit3, DD, 203, KeyM, UD, 111, KeyM, H, 114, KeyM, DD, 336, KeyO, UD, 222, KeyO, H, 88, KeyO, DD, 152, KeyO, UD, 64, KeyO, H, 100, KeyO, DD, 232, KeyS, UD, 132, KeyS, H, 119, KeyS, DD, 155, KeyA, UD, 36, KeyA, H, 113, KeyA, DD, 306, KeyB, UD, 193, KeyB, H, 124, KeyB, DD, 131, KeyZ, UD, 7, KeyZ, H, 104, KeyZ, DD, 743, Enter, UD, 639, Enter
H, 110, Enter, DD, 481, Period, UD, 371, Period, H, 123, Period, DD, 233, KeyK, UD, 110, KeyK, H, 107, KeyK, DD, 182, Digit3, UD, 75, Digit3, H, 87, Digit3, DD, 165, KeyM, UD, 78, KeyM, H, 109, KeyM, DD, 282, KeyO, UD, 173, KeyO, H, 83, KeyO, DD, 137, KeyO, UD, 54, KeyO, H, 108, KeyO, DD, 191, KeyS, UD, 83, KeyS, H, 132, KeyS, DD, 218, KeyA, UD, 86, KeyA, H, 114, KeyA, DD, 171, KeyB, UD, 57, KeyB, H, 76, KeyB, DD, 109, KeyZ, UD, 33, KeyZ, H, 116, KeyZ, DD, 181, Enter, UD, 65, Enter
H, 122, Enter, DD, 309, Period, UD, 187, Period, H, 106, Period, DD, 315, KeyK, UD, 209, KeyK, H, 112, KeyK, DD, 305, Digit3, UD, 193, Digit3, H, 126, Digit3, DD, 173, KeyM, UD, 47, KeyM, H, 74, KeyM, DD, 325, KeyO, UD, 251, KeyO, H, 78, KeyO, DD, 144, KeyO, UD, 66, KeyO, H, 117, KeyO, DD, 206, KeyS, UD, 89, KeyS, H, 101, KeyS, DD, 192, KeyA, UD, 91, KeyA, H, 113, KeyA, DD, 152, KeyB, UD, 39, KeyB, H, 76, KeyB, DD, 137, KeyZ, UD, 61, KeyZ, H, 104, KeyZ, DD, 140, Enter, UD, 36, Enter
H, 104, Enter, DD, 667, Period, UD, 563, Period, H, 102, Period, DD, 358, KeyK, UD, 256, KeyK, H, 114, KeyK, DD, 409, Digit3, UD, 295, Digit3, H, 96, Digit3, DD, 188, KeyM, UD, 92, KeyM, H, 106, KeyM, DD, 274, KeyO, UD, 168, KeyO, H, 72, KeyO, DD, 128, KeyO, UD, 56, KeyO, H, 104, KeyO, DD, 167, KeyS, UD, 63, KeyS, H, 125, KeyS, DD, 194, KeyA, UD, 69, KeyA, H, 108, KeyA, DD, 143, KeyB, UD, 35, KeyB, H, 88, KeyB, DD, 264, KeyZ, UD, 176, KeyZ, H, 116, KeyZ, DD, 157, Enter, UD, 41, Enter
H, 103, Enter, DD, 548, Period, UD, 445, Period, H, 113, Period, DD, 251, KeyK, UD, 138, KeyK, H, 87, KeyK, DD, 163, Digit3, UD, 76, Digit3, H, 111, Digit3, DD, 173, KeyM, UD, 62, KeyM, H, 105, KeyM, DD, 381, KeyO, UD, 276, KeyO, H, 77, KeyO, DD, 152, KeyO, UD, 75, KeyO, H, 91, KeyO, DD, 241, KeyS, UD, 150, KeyS, H, 117, KeyS, DD, 235, KeyA, UD, 118, KeyA, H, 110, KeyA, DD, 227, KeyB, UD, 117, KeyB, H, 78, KeyB, DD, 112, KeyZ, UD, 34, KeyZ, H, 115, KeyZ, DD, 158, Enter, UD, 43, Enter
H, 106, Enter, DD, 296, Period, UD, 190, Period, H, 114, Period, DD, 284, KeyK, UD, 170, KeyK, H, 92, KeyK, DD, 315, Digit3, UD, 223, Digit3, H, 117, Digit3, DD, 137, KeyM, UD, 20, KeyM, H, 100, KeyM, DD, 316, KeyO, UD, 216, KeyO, H, 77, KeyO, DD, 153, KeyO, UD, 76, KeyO, H, 86, KeyO, DD, 220, KeyS, UD, 134, KeyS, H, 155, KeyS, DD, 295, KeyA, UD, 140, KeyA, H, 106, KeyA, DD, 179, KeyB, UD, 73, KeyB, H, 78, KeyB, DD, 98, KeyZ, UD, 20, KeyZ, H, 103, KeyZ, DD, 156, Enter, UD, 53, Enter
H, 101, Enter, DD, 283, Period, UD, 182, Period, H, 147, Period, DD, 364, KeyK, UD, 217, KeyK, H, 88, KeyK, DD, 218, Digit3, UD, 130, Digit3, H, 109, Digit3, DD, 215, KeyM, UD, 106, KeyM, H, 101, KeyM, DD, 311, KeyO, UD, 210, KeyO, H, 97, KeyO, DD, 220, KeyO, UD, 123, KeyO, H, 104, KeyO, DD, 357, KeyS, UD, 253, KeyS, H, 101, KeyS, DD, 253, KeyA, UD, 152, KeyA, H, 110, KeyA, DD, 264, KeyB, UD, 154, KeyB, H, 102, KeyB, DD, 184, KeyZ, UD, 82, KeyZ, H, 91, KeyZ, DD, 115, Enter, UD, 24, Enter
H, 97, Enter, DD, 274, Period, UD, 177, Period, H, 103, Period, DD, 333, KeyK, UD, 230, KeyK, H, 92, KeyK, DD, 331, Digit3, UD, 239, Digit3, H, 97, Digit3, DD, 157, KeyM, UD, 60, KeyM, H, 104, KeyM, DD, 303, KeyO, UD, 199, KeyO, H, 80, KeyO, DD, 143, KeyO, UD, 63, KeyO, H, 101, KeyO, DD, 182, KeyS, UD, 81, KeyS, H, 97, KeyS, DD, 220, KeyA, UD, 123, KeyA, H, 83, KeyA, DD, 183, KeyB, UD, 100, KeyB, H, 76, KeyB, DD, 112, KeyZ, UD, 36, KeyZ, H, 100, KeyZ, DD, 157, Enter, UD, 57, Enter
H, 94, Enter, DD, 272, Period, UD, 178, Period, H, 114, Period, DD, 283, KeyK, UD, 169, KeyK, H, 96, KeyK, DD, 379, Digit3, UD, 283, Digit3, H, 105, Digit3, DD, 186, KeyM, UD, 81, KeyM, H, 102, KeyM, DD, 328, KeyO, UD, 226, KeyO, H, 70, KeyO, DD, 139, KeyO, UD, 69, KeyO, H, 94, KeyO, DD, 168, KeyS, UD, 74, KeyS, H, 114, KeyS, DD, 232, KeyA, UD, 118, KeyA, H, 91, KeyA, DD, 173, KeyB, UD, 82, KeyB, H, 81, KeyB, DD, 98, KeyZ, UD, 17, KeyZ, H, 115, KeyZ, DD, 189, Enter, UD, 74, Enter
H, 103, Enter, DD, 295, Period, UD, 192, Period, H, 132, Period, DD, 268, KeyK, UD, 136, KeyK, H, 97, KeyK, DD, 184, Digit3, UD, 87, Digit3, H, 130, Digit3, DD, 179, KeyM, UD, 49, KeyM, H, 97, KeyM, DD, 305, KeyO, UD, 208, KeyO, H, 75, KeyO, DD, 141, KeyO, UD, 66, KeyO, H, 100, KeyO, DD, 212, KeyS, UD, 112, KeyS, H, 143, KeyS, DD, 251, KeyA, UD, 108, KeyA, H, 107, KeyA, DD, 235, KeyB, UD, 128, KeyB, H, 84, KeyB, DD, 242, KeyZ, UD, 158, KeyZ, H, 117, KeyZ, DD, 954, Enter, UD, 837, Enter
H, 115, Enter, DD, 1115, Period, UD, 1000, Period, H, 94, Period, DD, 224, KeyK, UD, 130, KeyK, H, 92, KeyK, DD, 208, Digit3, UD, 116, Digit3, H, 88, Digit3, DD, 179, KeyM, UD, 91, KeyM, H, 97, KeyM, DD, 286, KeyO, UD, 189, KeyO, H, 82, KeyO, DD, 135, KeyO, UD, 53, KeyO, H, 107, KeyO, DD, 161, KeyS, UD, 54, KeyS, H, 99, KeyS, DD, 211, KeyA, UD, 112, KeyA, H, 92, KeyA, DD, 194, KeyB, UD, 102, KeyB, H, 88, KeyB, DD, 187, KeyZ, UD, 99, KeyZ, H, 110, KeyZ, DD, 254, Enter, UD, 144, Enter
H, 124, Enter, DD, 283, Period, UD, 159, Period, H, 133, Period, DD, 298, KeyK, UD, 165, KeyK, H, 40, KeyK, DD, 131, Digit3, UD, 91, Digit3, H, 108, Digit3, DD, 195, KeyM, UD, 87, KeyM, H, 91, KeyM, DD, 434, KeyO, UD, 343, KeyO, H, 70, KeyO, DD, 136, KeyO, UD, 66, KeyO, H, 99, KeyO, DD, 239, KeyS, UD, 140, KeyS, H, 120, KeyS, DD, 210, KeyA, UD, 90, KeyA, H, 111, KeyA, DD, 347, KeyZ, UD, 236, KeyZ, H, 128, KeyZ, DD, 222, KeyB, UD, 94, KeyB, H, 92, KeyB, DD, 589, Enter, UD, 497, Enter
H, 90, Enter, DD, 1491, Period, UD, 1401, Period, H, 114, Period, DD, 277, KeyK, UD, 163, KeyK, H, 114, KeyK, DD, 120, Digit3, UD, 6, Digit3, H, 104, Digit3, DD, 358, KeyM, UD, 254, KeyM, H, 109, KeyM, DD, 237, KeyO, UD, 128, KeyO, H, 88, KeyO, DD, 141, KeyO, UD, 53, KeyO, H, 105, KeyO, DD, 146, KeyS, UD, 41, KeyS, H, 110, KeyS, DD, 196, KeyA, UD, 86, KeyA, H, 102, KeyA, DD, 166, KeyB, UD, 64, KeyB, H, 86, KeyB, DD, 139, KeyZ, UD, 53, KeyZ, H, 112, KeyZ, DD, 145, Enter, UD, 33, Enter
H, 124, Enter, DD, 328, Period, UD, 204, Period, H, 138, Period, DD, 576, KeyK, UD, 438, KeyK, H, 99, KeyK, DD, 137, Digit3, UD, 38, Digit3, H, 91, Digit3, DD, 181, KeyM, UD, 90, KeyM, H, 126, KeyM, DD, 441, KeyO, UD, 315, KeyO, H, 99, KeyO, DD, 256, KeyS, UD, 157, KeyS, H, 129, KeyS, DD, 223, KeyA, UD, 94, KeyA, H, 105, KeyA, DD, 488, KeyB, UD, 383, KeyB, H, 111, KeyB, DD, 127, KeyZ, UD, 16, KeyZ, H, 122, KeyZ, DD, 211, Enter, UD, 89, Enter
H, 148, Enter, DD, 781, Period, UD, 633, Period, H, 135, Period, DD, 266, KeyK, UD, 131, KeyK, H, 93, KeyK, DD, 296, Digit3, UD, 203, Digit3, H, 105, Digit3, DD, 113, KeyM, UD, 8, KeyM, H, 99, KeyM, DD, 292, KeyO, UD, 193, KeyO, H, 70, KeyO, DD, 131, KeyO, UD, 61, KeyO, H, 98, KeyO, DD, 177, KeyS, UD, 79, KeyS, H, 114, KeyS, DD, 212, KeyA, UD, 98, KeyA, H, 114, KeyA, DD, 287, KeyB, UD, 173, KeyB, H, 78, KeyB, DD, 104, KeyZ, UD, 26, KeyZ, H, 120, KeyZ, DD, 619, Enter, UD, 499, Enter
H, 100, Enter, DD, 538, Period, UD, 438, Period, H, 108, Period, DD, 278, KeyK, UD, 170, KeyK, H, 91, KeyK, DD, 250, Digit3, UD, 159, Digit3, H, 97, Digit3, DD, 182, KeyM, UD, 85, KeyM, H, 99, KeyM, DD, 305, KeyO, UD, 206, KeyO, H, 76, KeyO, DD, 141, KeyO, UD, 65, KeyO, H, 94, KeyO, DD, 207, KeyS, UD, 113, KeyS, H, 141, KeyS, DD, 205, KeyA, UD, 64, KeyA, H, 124, KeyA, DD, 266, KeyB, UD, 142, KeyB, H, 94, KeyB, DD, 109, KeyZ, UD, 15, KeyZ, H, 113, KeyZ, DD, 195, Enter, UD, 82, Enter
H, 142, Enter, DD, 613, Period, UD, 471, Period, H, 119, Period, DD, 241, KeyK, UD, 122, KeyK, H, 101, KeyK, DD, 195, Digit3, UD, 94, Digit3, H, 101, Digit3, DD, 125, KeyM, UD, 24, KeyM, H, 114, KeyM, DD, 302, KeyO, UD, 188, KeyO, H, 71, KeyO, DD, 130, KeyO, UD, 59, KeyO, H, 104, KeyO, DD, 183, KeyS, UD, 79, KeyS, H, 106, KeyS, DD, 210, KeyA, UD, 104, KeyA, H, 100, KeyA, DD, 197, KeyB, UD, 97, KeyB, H, 77, KeyB, DD, 107, KeyZ, UD, 30, KeyZ, H, 114, KeyZ, DD, 198, Enter, UD, 84, Enter
H, 116, Enter, DD, 587, Period, UD, 471, Period, H, 110, Period, DD, 256, KeyK, UD, 146, KeyK, H, 95, KeyK, DD, 142, Digit3, UD, 47, Digit3, H, 104, Digit3, DD, 142, KeyM, UD, 38, KeyM, H, 123, KeyM, DD, 307, KeyO, UD, 184, KeyO, H, 76, KeyO, DD, 133, KeyO, UD, 57, KeyO, H, 107, KeyO, DD, 201, KeyS, UD, 94, KeyS, H, 123, KeyS, DD, 242, KeyA, UD, 119, KeyA, H, 86, KeyA, DD, 177, KeyB, UD, 91, KeyB, H, 80, KeyB, DD, 91, KeyZ, UD, 11, KeyZ, H, 101, KeyZ, DD, 176, Enter, UD, 75, Enter
H, 92, Enter, DD, 446, Period, UD, 354, Period, H, 131, Period, DD, 2507, KeyK, UD, 2376, KeyK, H, 114, KeyK, DD, 124, Digit3, UD, 10, Digit3, H, 116, Digit3, DD, 2135, KeyM, UD, 2019, KeyM, H, 128, KeyM, DD, 262, KeyO, UD, 134, KeyO, H, 90, KeyO, DD, 143, KeyO, UD, 53, KeyO, H, 120, KeyO, DD, 186, KeyS, UD, 66, KeyS, H, 137, KeyS, DD, 189, KeyA, UD, 52, KeyA, H, 134, KeyA, DD, 191, KeyB, UD, 57, KeyB, DD, 77, KeyZ, UD, 134, KeyZ, H, 10, KeyB, H, 143, KeyZ, DD, 203, Enter, UD, 60, Enter
H, 140, Enter, DD, 444, Period, UD, 304, Period, H, 129, Period, DD, 298, KeyK, UD, 169, KeyK, H, 138, KeyK, DD, 1109, Digit3, UD, 971, Digit3, H, 112, Digit3, DD, 202, KeyM, UD, 90, KeyM, H, 106, KeyM, DD, 273, KeyO, UD, 167, KeyO, H, 76, KeyO, DD, 138, KeyO, UD, 62, KeyO, H, 95, KeyO, DD, 131, KeyS, UD, 36, KeyS, H, 120, KeyS, DD, 212, KeyA, UD, 92, KeyA, H, 110, KeyA, DD, 147, KeyB, UD, 37, KeyB, H, 95, KeyB, DD, 108, KeyZ, UD, 13, KeyZ, H, 119, KeyZ, DD, 158, Enter, UD, 39, Enter
H, 116, Enter, DD, 562, Period, UD, 446, Period, H, 133, Period, DD, 275, KeyK, UD, 142, KeyK, H, 91, KeyK, DD, 132, Digit3, UD, 41, Digit3, H, 91, Digit3, DD, 179, KeyM, UD, 88, KeyM, H, 111, KeyM, DD, 292, KeyO, UD, 181, KeyO, H, 77, KeyO, DD, 159, KeyO, UD, 82, KeyO, H, 85, KeyO, DD, 443, KeyS, UD, 358, KeyS, H, 118, KeyS, DD, 266, KeyA, UD, 148, KeyA, H, 123, KeyA, DD, 233, KeyB, UD, 110, KeyB, DD, 67, KeyZ, UD, 177, KeyZ, H, 10, KeyB, H, 116, KeyZ, DD, 228, Enter, UD, 112, Enter
H, 138, Enter, DD, 1286, Period, UD, 1148, Period, H, 113, Period, DD, 740, KeyK, UD, 627, KeyK, H, 96, KeyK, DD, 207, Digit3, UD, 111, Digit3, H, 107, Digit3, DD, 376, KeyM, UD, 269, KeyM, H, 103, KeyM, DD, 221, KeyO, UD, 118, KeyO, H, 88, KeyO, DD, 145, KeyO, UD, 57, KeyO, H, 115, KeyO, DD, 150, KeyS, UD, 35, KeyS, H, 100, KeyS, DD, 193, KeyA, UD, 93, KeyA, H, 105, KeyA, DD, 138, KeyB, UD, 33, KeyB, H, 87, KeyB, DD, 108, KeyZ, UD, 21, KeyZ, H, 114, KeyZ, DD, 163, Enter, UD, 49, Enter
H, 105, Enter, DD, 591, Period, UD, 486, Period, H, 117, Period, DD, 286, KeyK, UD, 169, KeyK, H, 114, KeyK, DD, 208, Digit3, UD, 94, Digit3, H, 96, Digit3, DD, 142, KeyM, UD, 46, KeyM, H, 104, KeyM, DD, 351, KeyO, UD, 247, KeyO, H, 87, KeyO, DD, 157, KeyO, UD, 70, KeyO, H, 100, KeyO, DD, 339, KeyS, UD, 239, KeyS, H, 106, KeyS, DD, 202, KeyA, UD, 96, KeyA, H, 111, KeyA, DD, 152, KeyB, UD, 41, KeyB, H, 73, KeyB, DD, 137, KeyZ, UD, 64, KeyZ, H, 104, KeyZ, DD, 177, Enter, UD, 73, Enter
H, 144, Enter, DD, 305, Comma, UD, 161, Comma, H, 171, Comma, DD, 678, KeyK, UD, 507, KeyK, H, 83, KeyK, DD, 794, Digit3, UD, 711, Digit3, H, 77, Digit3, DD, 500, KeyM, UD, 423, KeyM, H, 99, KeyM, DD, 440, KeyO, UD, 341, KeyO, H, 102, KeyO, DD, 744, Enter, UD, 642, Enter
H, 128, Enter, DD, 381, Period, UD, 253, Period, H, 112, Period, DD, 252, KeyK, UD, 140, KeyK, H, 100, KeyK, DD, 1275, Digit3, UD, 1175, Digit3, H, 107, Digit3, DD, 292, KeyM, UD, 185, KeyM, H, 143, KeyM, DD, 515, KeyO, UD, 372, KeyO, H, 76, KeyO, DD, 150, KeyO, UD, 74, KeyO, H, 98, KeyO, DD, 137, KeyS, UD, 39, KeyS, H, 105, KeyS, DD, 192, KeyA, UD, 87, KeyA, H, 126, KeyA, DD, 482, KeyB, UD, 356, KeyB, H, 86, KeyB, DD, 137, KeyZ, UD, 51, KeyZ, H, 106, KeyZ, DD, 131, Enter, UD, 25, Enter
H, 102, Enter, DD, 966, Period, UD, 864, Period, H, 117, Period, DD, 242, KeyK, UD, 125, KeyK, H, 111, KeyK, DD, 214, Digit3, UD, 103, Digit3, H, 114, Digit3, DD, 617, KeyM, UD, 503, KeyM, H, 123, KeyM, DD, 690, KeyO, UD, 567, KeyO, H, 86, KeyO, DD, 149, KeyO, UD, 63, KeyO, H, 97, KeyO, DD, 153, KeyS, UD, 56, KeyS, H, 111, KeyS, DD, 157, KeyA, UD, 46, KeyA, H, 140, KeyA, DD, 144, KeyB, UD, 4, KeyB, H, 112, KeyB, DD, 135, KeyZ, UD, 23, KeyZ, H, 134, KeyZ, DD, 149, Enter, UD, 15, Enter
H, 133, Enter, DD, 318, Period, UD, 185, Period, H, 124, Period, DD, 264, KeyK, UD, 140, KeyK, H, 98, KeyK, DD, 159, Digit3, UD, 61, Digit3, H, 108, Digit3, DD, 173, KeyM, UD, 65, KeyM, H, 114, KeyM, DD, 295, KeyO, UD, 181, KeyO, H, 82, KeyO, DD, 136, KeyO, UD, 54, KeyO, H, 100, KeyO, DD, 163, KeyS, UD, 63, KeyS, H, 136, KeyS, DD, 219, KeyA, UD, 83, KeyA, H, 131, KeyA, DD, 216, KeyB, UD, 85, KeyB, H, 90, KeyB, DD, 109, KeyZ, UD, 19, KeyZ, H, 121, KeyZ, DD, 637, Enter, UD, 516, Enter
H, 119, Enter, DD, 355, Period, UD, 236, Period, H, 124, Period, DD, 513, KeyK, UD, 389, KeyK, H, 97, KeyK, DD, 430, Digit3, UD, 333, Digit3, H, 92, Digit3, DD, 576, KeyM, UD, 484, KeyM, H, 118, KeyM, DD, 296, KeyO, UD, 178, KeyO, H, 97, KeyO, DD, 151, KeyO, UD, 54, KeyO, H, 111, KeyO, DD, 397, KeyS, UD, 286, KeyS, H, 122, KeyS, DD, 215, KeyA, UD, 93, KeyA, H, 124, KeyA, DD, 226, KeyB, UD, 102, KeyB, H, 95, KeyB, DD, 134, KeyZ, UD, 39, KeyZ, H, 129, KeyZ, DD, 454, Enter, UD, 325, Enter
